--
-- PostgreSQL database dump
--

-- Dumped from database version 13.20
-- Dumped by pg_dump version 13.20

SET statement_timeout = 0;
SET lock_timeout = 0;
SET idle_in_transaction_session_timeout = 0;
SET client_encoding = 'UTF8';
SET standard_conforming_strings = on;
SELECT pg_catalog.set_config('search_path', '', false);
SET check_function_bodies = false;
SET xmloption = content;
SET client_min_messages = warning;
SET row_security = off;

SET default_tablespace = '';

SET default_table_access_method = heap;

--
-- Name: auth_group; Type: TABLE; Schema: public; Owner: postgres
--

CREATE TABLE public.auth_group (
    id integer NOT NULL,
    name character varying(150) NOT NULL
);


ALTER TABLE public.auth_group OWNER TO postgres;

--
-- Name: auth_group_id_seq; Type: SEQUENCE; Schema: public; Owner: postgres
--

ALTER TABLE public.auth_group ALTER COLUMN id ADD GENERATED BY DEFAULT AS IDENTITY (
    SEQUENCE NAME public.auth_group_id_seq
    START WITH 1
    INCREMENT BY 1
    NO MINVALUE
    NO MAXVALUE
    CACHE 1
);


--
-- Name: auth_group_permissions; Type: TABLE; Schema: public; Owner: postgres
--

CREATE TABLE public.auth_group_permissions (
    id bigint NOT NULL,
    group_id integer NOT NULL,
    permission_id integer NOT NULL
);


ALTER TABLE public.auth_group_permissions OWNER TO postgres;

--
-- Name: auth_group_permissions_id_seq; Type: SEQUENCE; Schema: public; Owner: postgres
--

ALTER TABLE public.auth_group_permissions ALTER COLUMN id ADD GENERATED BY DEFAULT AS IDENTITY (
    SEQUENCE NAME public.auth_group_permissions_id_seq
    START WITH 1
    INCREMENT BY 1
    NO MINVALUE
    NO MAXVALUE
    CACHE 1
);


--
-- Name: auth_permission; Type: TABLE; Schema: public; Owner: postgres
--

CREATE TABLE public.auth_permission (
    id integer NOT NULL,
    name character varying(255) NOT NULL,
    content_type_id integer NOT NULL,
    codename character varying(100) NOT NULL
);


ALTER TABLE public.auth_permission OWNER TO postgres;

--
-- Name: auth_permission_id_seq; Type: SEQUENCE; Schema: public; Owner: postgres
--

ALTER TABLE public.auth_permission ALTER COLUMN id ADD GENERATED BY DEFAULT AS IDENTITY (
    SEQUENCE NAME public.auth_permission_id_seq
    START WITH 1
    INCREMENT BY 1
    NO MINVALUE
    NO MAXVALUE
    CACHE 1
);


--
-- Name: chat_userchatmessage; Type: TABLE; Schema: public; Owner: postgres
--

CREATE TABLE public.chat_userchatmessage (
    id bigint NOT NULL,
    message text NOT NULL,
    "timestamp" timestamp with time zone NOT NULL,
    is_received boolean NOT NULL,
    is_read boolean NOT NULL,
    receiver_id bigint,
    sender_id bigint
);


ALTER TABLE public.chat_userchatmessage OWNER TO postgres;

--
-- Name: chat_teacherstudentchatmessage_id_seq; Type: SEQUENCE; Schema: public; Owner: postgres
--

ALTER TABLE public.chat_userchatmessage ALTER COLUMN id ADD GENERATED BY DEFAULT AS IDENTITY (
    SEQUENCE NAME public.chat_teacherstudentchatmessage_id_seq
    START WITH 1
    INCREMENT BY 1
    NO MINVALUE
    NO MAXVALUE
    CACHE 1
);


--
-- Name: django_admin_log; Type: TABLE; Schema: public; Owner: postgres
--

CREATE TABLE public.django_admin_log (
    id integer NOT NULL,
    action_time timestamp with time zone NOT NULL,
    object_id text,
    object_repr character varying(200) NOT NULL,
    action_flag smallint NOT NULL,
    change_message text NOT NULL,
    content_type_id integer,
    user_id bigint NOT NULL,
    CONSTRAINT django_admin_log_action_flag_check CHECK ((action_flag >= 0))
);


ALTER TABLE public.django_admin_log OWNER TO postgres;

--
-- Name: django_admin_log_id_seq; Type: SEQUENCE; Schema: public; Owner: postgres
--

ALTER TABLE public.django_admin_log ALTER COLUMN id ADD GENERATED BY DEFAULT AS IDENTITY (
    SEQUENCE NAME public.django_admin_log_id_seq
    START WITH 1
    INCREMENT BY 1
    NO MINVALUE
    NO MAXVALUE
    CACHE 1
);


--
-- Name: django_content_type; Type: TABLE; Schema: public; Owner: postgres
--

CREATE TABLE public.django_content_type (
    id integer NOT NULL,
    app_label character varying(100) NOT NULL,
    model character varying(100) NOT NULL
);


ALTER TABLE public.django_content_type OWNER TO postgres;

--
-- Name: django_content_type_id_seq; Type: SEQUENCE; Schema: public; Owner: postgres
--

ALTER TABLE public.django_content_type ALTER COLUMN id ADD GENERATED BY DEFAULT AS IDENTITY (
    SEQUENCE NAME public.django_content_type_id_seq
    START WITH 1
    INCREMENT BY 1
    NO MINVALUE
    NO MAXVALUE
    CACHE 1
);


--
-- Name: django_migrations; Type: TABLE; Schema: public; Owner: postgres
--

CREATE TABLE public.django_migrations (
    id bigint NOT NULL,
    app character varying(255) NOT NULL,
    name character varying(255) NOT NULL,
    applied timestamp with time zone NOT NULL
);


ALTER TABLE public.django_migrations OWNER TO postgres;

--
-- Name: django_migrations_id_seq; Type: SEQUENCE; Schema: public; Owner: postgres
--

ALTER TABLE public.django_migrations ALTER COLUMN id ADD GENERATED BY DEFAULT AS IDENTITY (
    SEQUENCE NAME public.django_migrations_id_seq
    START WITH 1
    INCREMENT BY 1
    NO MINVALUE
    NO MAXVALUE
    CACHE 1
);


--
-- Name: django_session; Type: TABLE; Schema: public; Owner: postgres
--

CREATE TABLE public.django_session (
    session_key character varying(40) NOT NULL,
    session_data text NOT NULL,
    expire_date timestamp with time zone NOT NULL
);


ALTER TABLE public.django_session OWNER TO postgres;

--
-- Name: parents_feecategory; Type: TABLE; Schema: public; Owner: postgres
--

CREATE TABLE public.parents_feecategory (
    id bigint NOT NULL,
    name character varying(100) NOT NULL,
    description text
);


ALTER TABLE public.parents_feecategory OWNER TO postgres;

--
-- Name: parents_feecategory_id_seq; Type: SEQUENCE; Schema: public; Owner: postgres
--

ALTER TABLE public.parents_feecategory ALTER COLUMN id ADD GENERATED BY DEFAULT AS IDENTITY (
    SEQUENCE NAME public.parents_feecategory_id_seq
    START WITH 1
    INCREMENT BY 1
    NO MINVALUE
    NO MAXVALUE
    CACHE 1
);


--
-- Name: parents_feestructure; Type: TABLE; Schema: public; Owner: postgres
--

CREATE TABLE public.parents_feestructure (
    id bigint NOT NULL,
    fee_type character varying(20) NOT NULL,
    amount numeric(10,2) NOT NULL,
    academic_year_id bigint NOT NULL,
    fee_category_id bigint NOT NULL,
    section_id bigint,
    due_date date
);


ALTER TABLE public.parents_feestructure OWNER TO postgres;

--
-- Name: parents_feestructure_id_seq; Type: SEQUENCE; Schema: public; Owner: postgres
--

ALTER TABLE public.parents_feestructure ALTER COLUMN id ADD GENERATED BY DEFAULT AS IDENTITY (
    SEQUENCE NAME public.parents_feestructure_id_seq
    START WITH 1
    INCREMENT BY 1
    NO MINVALUE
    NO MAXVALUE
    CACHE 1
);


--
-- Name: parents_parent; Type: TABLE; Schema: public; Owner: postgres
--

CREATE TABLE public.parents_parent (
    id bigint NOT NULL,
    occupation character varying(100) NOT NULL,
    user_id bigint NOT NULL
);


ALTER TABLE public.parents_parent OWNER TO postgres;

--
-- Name: parents_parent_id_seq; Type: SEQUENCE; Schema: public; Owner: postgres
--

ALTER TABLE public.parents_parent ALTER COLUMN id ADD GENERATED BY DEFAULT AS IDENTITY (
    SEQUENCE NAME public.parents_parent_id_seq
    START WITH 1
    INCREMENT BY 1
    NO MINVALUE
    NO MAXVALUE
    CACHE 1
);


--
-- Name: parents_paymenttransaction; Type: TABLE; Schema: public; Owner: postgres
--

CREATE TABLE public.parents_paymenttransaction (
    id bigint NOT NULL,
    amount_paid numeric(10,2) NOT NULL,
    transaction_date timestamp with time zone NOT NULL,
    status character varying(20) NOT NULL,
    stripe_charge_id character varying(255),
    payment_method character varying(50),
    student_fee_payment_id bigint NOT NULL
);


ALTER TABLE public.parents_paymenttransaction OWNER TO postgres;

--
-- Name: parents_paymenttransaction_id_seq; Type: SEQUENCE; Schema: public; Owner: postgres
--

ALTER TABLE public.parents_paymenttransaction ALTER COLUMN id ADD GENERATED BY DEFAULT AS IDENTITY (
    SEQUENCE NAME public.parents_paymenttransaction_id_seq
    START WITH 1
    INCREMENT BY 1
    NO MINVALUE
    NO MAXVALUE
    CACHE 1
);


--
-- Name: parents_studentfeepayment; Type: TABLE; Schema: public; Owner: postgres
--

CREATE TABLE public.parents_studentfeepayment (
    id bigint NOT NULL,
    total_amount numeric(10,2) NOT NULL,
    status character varying(20) NOT NULL,
    stripe_invoice_id character varying(200),
    stripe_payment_intent_id character varying(255),
    created_at timestamp with time zone NOT NULL,
    updated_at timestamp with time zone NOT NULL,
    fee_structure_id bigint NOT NULL,
    student_id bigint NOT NULL,
    due_date date
);


ALTER TABLE public.parents_studentfeepayment OWNER TO postgres;

--
-- Name: parents_studentfeepayment_id_seq; Type: SEQUENCE; Schema: public; Owner: postgres
--

ALTER TABLE public.parents_studentfeepayment ALTER COLUMN id ADD GENERATED BY DEFAULT AS IDENTITY (
    SEQUENCE NAME public.parents_studentfeepayment_id_seq
    START WITH 1
    INCREMENT BY 1
    NO MINVALUE
    NO MAXVALUE
    CACHE 1
);


--
-- Name: parents_studentparentrelationship; Type: TABLE; Schema: public; Owner: postgres
--

CREATE TABLE public.parents_studentparentrelationship (
    id bigint NOT NULL,
    relationship_type character varying(20) NOT NULL,
    date_added timestamp with time zone NOT NULL,
    parent_id bigint NOT NULL,
    student_id bigint NOT NULL
);


ALTER TABLE public.parents_studentparentrelationship OWNER TO postgres;

--
-- Name: parents_studentparentrelationship_id_seq; Type: SEQUENCE; Schema: public; Owner: postgres
--

ALTER TABLE public.parents_studentparentrelationship ALTER COLUMN id ADD GENERATED BY DEFAULT AS IDENTITY (
    SEQUENCE NAME public.parents_studentparentrelationship_id_seq
    START WITH 1
    INCREMENT BY 1
    NO MINVALUE
    NO MAXVALUE
    CACHE 1
);


--
-- Name: school_admin_admissionnumber; Type: TABLE; Schema: public; Owner: postgres
--

CREATE TABLE public.school_admin_admissionnumber (
    id bigint NOT NULL,
    key character varying(50) NOT NULL,
    value character varying(255) NOT NULL
);


ALTER TABLE public.school_admin_admissionnumber OWNER TO postgres;

--
-- Name: school_admin_admissionnumber_id_seq; Type: SEQUENCE; Schema: public; Owner: postgres
--

ALTER TABLE public.school_admin_admissionnumber ALTER COLUMN id ADD GENERATED BY DEFAULT AS IDENTITY (
    SEQUENCE NAME public.school_admin_admissionnumber_id_seq
    START WITH 1
    INCREMENT BY 1
    NO MINVALUE
    NO MAXVALUE
    CACHE 1
);


--
-- Name: students_student; Type: TABLE; Schema: public; Owner: postgres
--

CREATE TABLE public.students_student (
    id bigint NOT NULL,
    admission_number bigint,
    roll_number integer,
    class_assigned_id bigint NOT NULL,
    user_id bigint NOT NULL,
    academic_year_id bigint NOT NULL,
    CONSTRAINT students_student_roll_number_check CHECK ((roll_number >= 0))
);


ALTER TABLE public.students_student OWNER TO postgres;

--
-- Name: students_student_id_seq; Type: SEQUENCE; Schema: public; Owner: postgres
--

ALTER TABLE public.students_student ALTER COLUMN id ADD GENERATED BY DEFAULT AS IDENTITY (
    SEQUENCE NAME public.students_student_id_seq
    START WITH 1
    INCREMENT BY 1
    NO MINVALUE
    NO MAXVALUE
    CACHE 1
);


--
-- Name: students_studentleaverequest; Type: TABLE; Schema: public; Owner: postgres
--

CREATE TABLE public.students_studentleaverequest (
    id bigint NOT NULL,
    leave_type character varying(50) NOT NULL,
    start_date date NOT NULL,
    end_date date NOT NULL,
    reason text NOT NULL,
    supporting_document character varying(100),
    status character varying(20) NOT NULL,
    applied_on timestamp with time zone NOT NULL,
    response_comment text,
    class_teacher_id bigint NOT NULL,
    student_id bigint NOT NULL
);


ALTER TABLE public.students_studentleaverequest OWNER TO postgres;

--
-- Name: students_studentleaverequest_id_seq; Type: SEQUENCE; Schema: public; Owner: postgres
--

ALTER TABLE public.students_studentleaverequest ALTER COLUMN id ADD GENERATED BY DEFAULT AS IDENTITY (
    SEQUENCE NAME public.students_studentleaverequest_id_seq
    START WITH 1
    INCREMENT BY 1
    NO MINVALUE
    NO MAXVALUE
    CACHE 1
);


--
-- Name: teachers_academicyear; Type: TABLE; Schema: public; Owner: postgres
--

CREATE TABLE public.teachers_academicyear (
    id bigint NOT NULL,
    name character varying(10) NOT NULL,
    start_date date NOT NULL,
    end_date date NOT NULL,
    is_active boolean NOT NULL
);


ALTER TABLE public.teachers_academicyear OWNER TO postgres;

--
-- Name: teachers_academicyear_id_seq; Type: SEQUENCE; Schema: public; Owner: postgres
--

ALTER TABLE public.teachers_academicyear ALTER COLUMN id ADD GENERATED BY DEFAULT AS IDENTITY (
    SEQUENCE NAME public.teachers_academicyear_id_seq
    START WITH 1
    INCREMENT BY 1
    NO MINVALUE
    NO MAXVALUE
    CACHE 1
);


--
-- Name: teachers_assignment; Type: TABLE; Schema: public; Owner: postgres
--

CREATE TABLE public.teachers_assignment (
    id bigint NOT NULL,
    title character varying(250) NOT NULL,
    description text NOT NULL,
    status character varying(20) NOT NULL,
    created_date timestamp with time zone NOT NULL,
    last_date timestamp with time zone NOT NULL,
    is_active boolean NOT NULL,
    class_section_id bigint NOT NULL,
    subject_id bigint NOT NULL,
    teacher_id bigint NOT NULL
);


ALTER TABLE public.teachers_assignment OWNER TO postgres;

--
-- Name: teachers_assignment_id_seq; Type: SEQUENCE; Schema: public; Owner: postgres
--

ALTER TABLE public.teachers_assignment ALTER COLUMN id ADD GENERATED BY DEFAULT AS IDENTITY (
    SEQUENCE NAME public.teachers_assignment_id_seq
    START WITH 1
    INCREMENT BY 1
    NO MINVALUE
    NO MAXVALUE
    CACHE 1
);


--
-- Name: teachers_assignmentsubmission; Type: TABLE; Schema: public; Owner: postgres
--

CREATE TABLE public.teachers_assignmentsubmission (
    id bigint NOT NULL,
    is_submitted boolean NOT NULL,
    submitted_at timestamp with time zone NOT NULL,
    work_file character varying(100) NOT NULL,
    grade numeric(5,2),
    feedback text,
    assignment_id bigint NOT NULL,
    student_id bigint NOT NULL
);


ALTER TABLE public.teachers_assignmentsubmission OWNER TO postgres;

--
-- Name: teachers_assignmentsubmission_id_seq; Type: SEQUENCE; Schema: public; Owner: postgres
--

ALTER TABLE public.teachers_assignmentsubmission ALTER COLUMN id ADD GENERATED BY DEFAULT AS IDENTITY (
    SEQUENCE NAME public.teachers_assignmentsubmission_id_seq
    START WITH 1
    INCREMENT BY 1
    NO MINVALUE
    NO MAXVALUE
    CACHE 1
);


--
-- Name: teachers_attendance; Type: TABLE; Schema: public; Owner: postgres
--

CREATE TABLE public.teachers_attendance (
    id bigint NOT NULL,
    date date NOT NULL,
    marked_at timestamp with time zone NOT NULL,
    updated_at timestamp with time zone NOT NULL,
    marked_by_id bigint NOT NULL,
    section_id bigint NOT NULL,
    student_id bigint NOT NULL,
    status character varying(10) NOT NULL,
    academic_year_id bigint
);


ALTER TABLE public.teachers_attendance OWNER TO postgres;

--
-- Name: teachers_attendance_id_seq; Type: SEQUENCE; Schema: public; Owner: postgres
--

ALTER TABLE public.teachers_attendance ALTER COLUMN id ADD GENERATED BY DEFAULT AS IDENTITY (
    SEQUENCE NAME public.teachers_attendance_id_seq
    START WITH 1
    INCREMENT BY 1
    NO MINVALUE
    NO MAXVALUE
    CACHE 1
);


--
-- Name: teachers_exam; Type: TABLE; Schema: public; Owner: postgres
--

CREATE TABLE public.teachers_exam (
    id bigint NOT NULL,
    title character varying(100) NOT NULL,
    description text,
    total_mark integer NOT NULL,
    duration numeric(5,2) NOT NULL,
    start_time timestamp with time zone NOT NULL,
    end_time timestamp with time zone NOT NULL,
    meet_link character varying(250) NOT NULL,
    status character varying(20) NOT NULL,
    created_at timestamp with time zone NOT NULL,
    updated_at timestamp with time zone NOT NULL,
    subject_id bigint NOT NULL,
    teacher_id bigint NOT NULL,
    class_section_id bigint,
    CONSTRAINT teachers_exam_total_mark_check CHECK ((total_mark >= 0))
);


ALTER TABLE public.teachers_exam OWNER TO postgres;

--
-- Name: teachers_exam_id_seq; Type: SEQUENCE; Schema: public; Owner: postgres
--

ALTER TABLE public.teachers_exam ALTER COLUMN id ADD GENERATED BY DEFAULT AS IDENTITY (
    SEQUENCE NAME public.teachers_exam_id_seq
    START WITH 1
    INCREMENT BY 1
    NO MINVALUE
    NO MAXVALUE
    CACHE 1
);


--
-- Name: teachers_mcqchoice; Type: TABLE; Schema: public; Owner: postgres
--

CREATE TABLE public.teachers_mcqchoice (
    id bigint NOT NULL,
    choice_text character varying(500) NOT NULL,
    is_correct boolean NOT NULL,
    question_id bigint NOT NULL
);


ALTER TABLE public.teachers_mcqchoice OWNER TO postgres;

--
-- Name: teachers_mcqchoice_id_seq; Type: SEQUENCE; Schema: public; Owner: postgres
--

ALTER TABLE public.teachers_mcqchoice ALTER COLUMN id ADD GENERATED BY DEFAULT AS IDENTITY (
    SEQUENCE NAME public.teachers_mcqchoice_id_seq
    START WITH 1
    INCREMENT BY 1
    NO MINVALUE
    NO MAXVALUE
    CACHE 1
);


--
-- Name: teachers_question; Type: TABLE; Schema: public; Owner: postgres
--

CREATE TABLE public.teachers_question (
    id bigint NOT NULL,
    question_text text NOT NULL,
    question_type character varying(20) NOT NULL,
    marks integer NOT NULL,
    "order" integer NOT NULL,
    exam_id bigint NOT NULL,
    CONSTRAINT teachers_question_marks_check CHECK ((marks >= 0)),
    CONSTRAINT teachers_question_order_check CHECK (("order" >= 0))
);


ALTER TABLE public.teachers_question OWNER TO postgres;

--
-- Name: teachers_question_id_seq; Type: SEQUENCE; Schema: public; Owner: postgres
--

ALTER TABLE public.teachers_question ALTER COLUMN id ADD GENERATED BY DEFAULT AS IDENTITY (
    SEQUENCE NAME public.teachers_question_id_seq
    START WITH 1
    INCREMENT BY 1
    NO MINVALUE
    NO MAXVALUE
    CACHE 1
);


--
-- Name: teachers_schoolclass; Type: TABLE; Schema: public; Owner: postgres
--

CREATE TABLE public.teachers_schoolclass (
    id bigint NOT NULL,
    class_name character varying(50)
);


ALTER TABLE public.teachers_schoolclass OWNER TO postgres;

--
-- Name: teachers_schoolclass_id_seq; Type: SEQUENCE; Schema: public; Owner: postgres
--

ALTER TABLE public.teachers_schoolclass ALTER COLUMN id ADD GENERATED BY DEFAULT AS IDENTITY (
    SEQUENCE NAME public.teachers_schoolclass_id_seq
    START WITH 1
    INCREMENT BY 1
    NO MINVALUE
    NO MAXVALUE
    CACHE 1
);


--
-- Name: teachers_section; Type: TABLE; Schema: public; Owner: postgres
--

CREATE TABLE public.teachers_section (
    id bigint NOT NULL,
    section_name character varying(10) NOT NULL,
    school_class_id bigint NOT NULL,
    student_count integer,
    available_students integer,
    academic_year_id bigint NOT NULL,
    class_teacher_id bigint
);


ALTER TABLE public.teachers_section OWNER TO postgres;

--
-- Name: teachers_section_id_seq; Type: SEQUENCE; Schema: public; Owner: postgres
--

ALTER TABLE public.teachers_section ALTER COLUMN id ADD GENERATED BY DEFAULT AS IDENTITY (
    SEQUENCE NAME public.teachers_section_id_seq
    START WITH 1
    INCREMENT BY 1
    NO MINVALUE
    NO MAXVALUE
    CACHE 1
);


--
-- Name: teachers_studentanswer; Type: TABLE; Schema: public; Owner: postgres
--

CREATE TABLE public.teachers_studentanswer (
    id bigint NOT NULL,
    answer_text text,
    marks_obtained numeric(5,2),
    evaluation_comment text,
    evaluated_by_id bigint,
    question_id bigint NOT NULL,
    selected_choice_id bigint,
    student_exam_id bigint NOT NULL
);


ALTER TABLE public.teachers_studentanswer OWNER TO postgres;

--
-- Name: teachers_studentanswer_id_seq; Type: SEQUENCE; Schema: public; Owner: postgres
--

ALTER TABLE public.teachers_studentanswer ALTER COLUMN id ADD GENERATED BY DEFAULT AS IDENTITY (
    SEQUENCE NAME public.teachers_studentanswer_id_seq
    START WITH 1
    INCREMENT BY 1
    NO MINVALUE
    NO MAXVALUE
    CACHE 1
);


--
-- Name: teachers_studentexam; Type: TABLE; Schema: public; Owner: postgres
--

CREATE TABLE public.teachers_studentexam (
    id bigint NOT NULL,
    start_time timestamp with time zone,
    submit_time timestamp with time zone,
    status character varying(20) NOT NULL,
    total_score numeric(5,2),
    exam_id bigint NOT NULL,
    student_id bigint NOT NULL
);


ALTER TABLE public.teachers_studentexam OWNER TO postgres;

--
-- Name: teachers_studentexam_id_seq; Type: SEQUENCE; Schema: public; Owner: postgres
--

ALTER TABLE public.teachers_studentexam ALTER COLUMN id ADD GENERATED BY DEFAULT AS IDENTITY (
    SEQUENCE NAME public.teachers_studentexam_id_seq
    START WITH 1
    INCREMENT BY 1
    NO MINVALUE
    NO MAXVALUE
    CACHE 1
);


--
-- Name: teachers_subject; Type: TABLE; Schema: public; Owner: postgres
--

CREATE TABLE public.teachers_subject (
    id bigint NOT NULL,
    subject_name character varying(100) NOT NULL
);


ALTER TABLE public.teachers_subject OWNER TO postgres;

--
-- Name: teachers_subject_id_seq; Type: SEQUENCE; Schema: public; Owner: postgres
--

ALTER TABLE public.teachers_subject ALTER COLUMN id ADD GENERATED BY DEFAULT AS IDENTITY (
    SEQUENCE NAME public.teachers_subject_id_seq
    START WITH 1
    INCREMENT BY 1
    NO MINVALUE
    NO MAXVALUE
    CACHE 1
);


--
-- Name: teachers_teacher; Type: TABLE; Schema: public; Owner: postgres
--

CREATE TABLE public.teachers_teacher (
    id bigint NOT NULL,
    user_id bigint NOT NULL,
    subject_id bigint
);


ALTER TABLE public.teachers_teacher OWNER TO postgres;

--
-- Name: teachers_teacher_classes; Type: TABLE; Schema: public; Owner: postgres
--

CREATE TABLE public.teachers_teacher_classes (
    id bigint NOT NULL,
    teacher_id bigint NOT NULL,
    schoolclass_id bigint NOT NULL
);


ALTER TABLE public.teachers_teacher_classes OWNER TO postgres;

--
-- Name: teachers_teacher_classes_id_seq; Type: SEQUENCE; Schema: public; Owner: postgres
--

ALTER TABLE public.teachers_teacher_classes ALTER COLUMN id ADD GENERATED BY DEFAULT AS IDENTITY (
    SEQUENCE NAME public.teachers_teacher_classes_id_seq
    START WITH 1
    INCREMENT BY 1
    NO MINVALUE
    NO MAXVALUE
    CACHE 1
);


--
-- Name: teachers_teacher_id_seq; Type: SEQUENCE; Schema: public; Owner: postgres
--

ALTER TABLE public.teachers_teacher ALTER COLUMN id ADD GENERATED BY DEFAULT AS IDENTITY (
    SEQUENCE NAME public.teachers_teacher_id_seq
    START WITH 1
    INCREMENT BY 1
    NO MINVALUE
    NO MAXVALUE
    CACHE 1
);


--
-- Name: teachers_teacher_sections; Type: TABLE; Schema: public; Owner: postgres
--

CREATE TABLE public.teachers_teacher_sections (
    id bigint NOT NULL,
    teacher_id bigint NOT NULL,
    section_id bigint NOT NULL
);


ALTER TABLE public.teachers_teacher_sections OWNER TO postgres;

--
-- Name: teachers_teacher_sections_id_seq; Type: SEQUENCE; Schema: public; Owner: postgres
--

ALTER TABLE public.teachers_teacher_sections ALTER COLUMN id ADD GENERATED BY DEFAULT AS IDENTITY (
    SEQUENCE NAME public.teachers_teacher_sections_id_seq
    START WITH 1
    INCREMENT BY 1
    NO MINVALUE
    NO MAXVALUE
    CACHE 1
);


--
-- Name: teachers_teacherdocument; Type: TABLE; Schema: public; Owner: postgres
--

CREATE TABLE public.teachers_teacherdocument (
    id bigint NOT NULL,
    title character varying(255) NOT NULL,
    document character varying(100) NOT NULL,
    uploaded_at timestamp with time zone NOT NULL,
    teacher_id bigint NOT NULL
);


ALTER TABLE public.teachers_teacherdocument OWNER TO postgres;

--
-- Name: teachers_teacherdocument_id_seq; Type: SEQUENCE; Schema: public; Owner: postgres
--

ALTER TABLE public.teachers_teacherdocument ALTER COLUMN id ADD GENERATED BY DEFAULT AS IDENTITY (
    SEQUENCE NAME public.teachers_teacherdocument_id_seq
    START WITH 1
    INCREMENT BY 1
    NO MINVALUE
    NO MAXVALUE
    CACHE 1
);


--
-- Name: teachers_teacherleaverequest; Type: TABLE; Schema: public; Owner: postgres
--

CREATE TABLE public.teachers_teacherleaverequest (
    id bigint NOT NULL,
    leave_type character varying(50) NOT NULL,
    start_date date NOT NULL,
    end_date date NOT NULL,
    reason text NOT NULL,
    supporting_document character varying(100),
    status character varying(20) NOT NULL,
    applied_on timestamp with time zone NOT NULL,
    response_comment text,
    teacher_id bigint NOT NULL
);


ALTER TABLE public.teachers_teacherleaverequest OWNER TO postgres;

--
-- Name: teachers_teacherleaverequest_id_seq; Type: SEQUENCE; Schema: public; Owner: postgres
--

ALTER TABLE public.teachers_teacherleaverequest ALTER COLUMN id ADD GENERATED BY DEFAULT AS IDENTITY (
    SEQUENCE NAME public.teachers_teacherleaverequest_id_seq
    START WITH 1
    INCREMENT BY 1
    NO MINVALUE
    NO MAXVALUE
    CACHE 1
);


--
-- Name: token_blacklist_blacklistedtoken; Type: TABLE; Schema: public; Owner: postgres
--

CREATE TABLE public.token_blacklist_blacklistedtoken (
    id bigint NOT NULL,
    blacklisted_at timestamp with time zone NOT NULL,
    token_id bigint NOT NULL
);


ALTER TABLE public.token_blacklist_blacklistedtoken OWNER TO postgres;

--
-- Name: token_blacklist_blacklistedtoken_id_seq; Type: SEQUENCE; Schema: public; Owner: postgres
--

ALTER TABLE public.token_blacklist_blacklistedtoken ALTER COLUMN id ADD GENERATED BY DEFAULT AS IDENTITY (
    SEQUENCE NAME public.token_blacklist_blacklistedtoken_id_seq
    START WITH 1
    INCREMENT BY 1
    NO MINVALUE
    NO MAXVALUE
    CACHE 1
);


--
-- Name: token_blacklist_outstandingtoken; Type: TABLE; Schema: public; Owner: postgres
--

CREATE TABLE public.token_blacklist_outstandingtoken (
    id bigint NOT NULL,
    token text NOT NULL,
    created_at timestamp with time zone,
    expires_at timestamp with time zone NOT NULL,
    user_id bigint,
    jti character varying(255) NOT NULL
);


ALTER TABLE public.token_blacklist_outstandingtoken OWNER TO postgres;

--
-- Name: token_blacklist_outstandingtoken_id_seq; Type: SEQUENCE; Schema: public; Owner: postgres
--

ALTER TABLE public.token_blacklist_outstandingtoken ALTER COLUMN id ADD GENERATED BY DEFAULT AS IDENTITY (
    SEQUENCE NAME public.token_blacklist_outstandingtoken_id_seq
    START WITH 1
    INCREMENT BY 1
    NO MINVALUE
    NO MAXVALUE
    CACHE 1
);


--
-- Name: users_customuser; Type: TABLE; Schema: public; Owner: postgres
--

CREATE TABLE public.users_customuser (
    id bigint NOT NULL,
    password character varying(128) NOT NULL,
    last_login timestamp with time zone,
    is_superuser boolean NOT NULL,
    username character varying(150) NOT NULL,
    first_name character varying(150) NOT NULL,
    last_name character varying(150) NOT NULL,
    email character varying(254) NOT NULL,
    is_staff boolean NOT NULL,
    is_active boolean NOT NULL,
    date_joined timestamp with time zone NOT NULL,
    gender character varying(1),
    created_at timestamp with time zone NOT NULL,
    updated_at timestamp with time zone NOT NULL,
    is_schooladmin boolean NOT NULL,
    is_teacher boolean NOT NULL,
    is_student boolean NOT NULL,
    is_parent boolean NOT NULL,
    address text,
    city character varying(100),
    country character varying(100),
    date_of_birth date,
    emergency_contact_number character varying(15),
    phone_number character varying(15),
    postal_code character varying(10),
    profile_image character varying(100),
    state character varying(100),
    otp_verified boolean NOT NULL,
    district character varying(100),
    reset_password boolean,
    school_logo character varying(100),
    school_name character varying(200),
    school_type character varying(50)
);


ALTER TABLE public.users_customuser OWNER TO postgres;

--
-- Name: users_customuser_groups; Type: TABLE; Schema: public; Owner: postgres
--

CREATE TABLE public.users_customuser_groups (
    id bigint NOT NULL,
    customuser_id bigint NOT NULL,
    group_id integer NOT NULL
);


ALTER TABLE public.users_customuser_groups OWNER TO postgres;

--
-- Name: users_customuser_groups_id_seq; Type: SEQUENCE; Schema: public; Owner: postgres
--

ALTER TABLE public.users_customuser_groups ALTER COLUMN id ADD GENERATED BY DEFAULT AS IDENTITY (
    SEQUENCE NAME public.users_customuser_groups_id_seq
    START WITH 1
    INCREMENT BY 1
    NO MINVALUE
    NO MAXVALUE
    CACHE 1
);


--
-- Name: users_customuser_id_seq; Type: SEQUENCE; Schema: public; Owner: postgres
--

ALTER TABLE public.users_customuser ALTER COLUMN id ADD GENERATED BY DEFAULT AS IDENTITY (
    SEQUENCE NAME public.users_customuser_id_seq
    START WITH 1
    INCREMENT BY 1
    NO MINVALUE
    NO MAXVALUE
    CACHE 1
);


--
-- Name: users_customuser_user_permissions; Type: TABLE; Schema: public; Owner: postgres
--

CREATE TABLE public.users_customuser_user_permissions (
    id bigint NOT NULL,
    customuser_id bigint NOT NULL,
    permission_id integer NOT NULL
);


ALTER TABLE public.users_customuser_user_permissions OWNER TO postgres;

--
-- Name: users_customuser_user_permissions_id_seq; Type: SEQUENCE; Schema: public; Owner: postgres
--

ALTER TABLE public.users_customuser_user_permissions ALTER COLUMN id ADD GENERATED BY DEFAULT AS IDENTITY (
    SEQUENCE NAME public.users_customuser_user_permissions_id_seq
    START WITH 1
    INCREMENT BY 1
    NO MINVALUE
    NO MAXVALUE
    CACHE 1
);


--
-- Data for Name: auth_group; Type: TABLE DATA; Schema: public; Owner: postgres
--

COPY public.auth_group (id, name) FROM stdin;
\.


--
-- Data for Name: auth_group_permissions; Type: TABLE DATA; Schema: public; Owner: postgres
--

COPY public.auth_group_permissions (id, group_id, permission_id) FROM stdin;
\.


--
-- Data for Name: auth_permission; Type: TABLE DATA; Schema: public; Owner: postgres
--

COPY public.auth_permission (id, name, content_type_id, codename) FROM stdin;
1	Can add log entry	1	add_logentry
2	Can change log entry	1	change_logentry
3	Can delete log entry	1	delete_logentry
4	Can view log entry	1	view_logentry
5	Can add permission	2	add_permission
6	Can change permission	2	change_permission
7	Can delete permission	2	delete_permission
8	Can view permission	2	view_permission
9	Can add group	3	add_group
10	Can change group	3	change_group
11	Can delete group	3	delete_group
12	Can view group	3	view_group
13	Can add content type	4	add_contenttype
14	Can change content type	4	change_contenttype
15	Can delete content type	4	delete_contenttype
16	Can view content type	4	view_contenttype
17	Can add session	5	add_session
18	Can change session	5	change_session
19	Can delete session	5	delete_session
20	Can view session	5	view_session
21	Can add blacklisted token	6	add_blacklistedtoken
22	Can change blacklisted token	6	change_blacklistedtoken
23	Can delete blacklisted token	6	delete_blacklistedtoken
24	Can view blacklisted token	6	view_blacklistedtoken
25	Can add outstanding token	7	add_outstandingtoken
26	Can change outstanding token	7	change_outstandingtoken
27	Can delete outstanding token	7	delete_outstandingtoken
28	Can view outstanding token	7	view_outstandingtoken
29	Can add user	8	add_customuser
30	Can change user	8	change_customuser
31	Can delete user	8	delete_customuser
32	Can view user	8	view_customuser
33	Can add admission number	9	add_admissionnumber
34	Can change admission number	9	change_admissionnumber
35	Can delete admission number	9	delete_admissionnumber
36	Can view admission number	9	view_admissionnumber
37	Can add school class	10	add_schoolclass
38	Can change school class	10	change_schoolclass
39	Can delete school class	10	delete_schoolclass
40	Can view school class	10	view_schoolclass
41	Can add subject	11	add_subject
42	Can change subject	11	change_subject
43	Can delete subject	11	delete_subject
44	Can view subject	11	view_subject
45	Can add teacher	12	add_teacher
46	Can change teacher	12	change_teacher
47	Can delete teacher	12	delete_teacher
48	Can view teacher	12	view_teacher
49	Can add section	13	add_section
50	Can change section	13	change_section
51	Can delete section	13	delete_section
52	Can view section	13	view_section
53	Can add teacher document	14	add_teacherdocument
54	Can change teacher document	14	change_teacherdocument
55	Can delete teacher document	14	delete_teacherdocument
56	Can view teacher document	14	view_teacherdocument
57	Can add academic year	15	add_academicyear
58	Can change academic year	15	change_academicyear
59	Can delete academic year	15	delete_academicyear
60	Can view academic year	15	view_academicyear
61	Can add attendance	16	add_attendance
62	Can change attendance	16	change_attendance
63	Can delete attendance	16	delete_attendance
64	Can view attendance	16	view_attendance
65	Can add assignment	17	add_assignment
66	Can change assignment	17	change_assignment
67	Can delete assignment	17	delete_assignment
68	Can view assignment	17	view_assignment
69	Can add assignment submission	18	add_assignmentsubmission
70	Can change assignment submission	18	change_assignmentsubmission
71	Can delete assignment submission	18	delete_assignmentsubmission
72	Can view assignment submission	18	view_assignmentsubmission
73	Can add exam	19	add_exam
74	Can change exam	19	change_exam
75	Can delete exam	19	delete_exam
76	Can view exam	19	view_exam
77	Can add question	20	add_question
78	Can change question	20	change_question
79	Can delete question	20	delete_question
80	Can view question	20	view_question
81	Can add mcq choice	21	add_mcqchoice
82	Can change mcq choice	21	change_mcqchoice
83	Can delete mcq choice	21	delete_mcqchoice
84	Can view mcq choice	21	view_mcqchoice
85	Can add student exam	22	add_studentexam
86	Can change student exam	22	change_studentexam
87	Can delete student exam	22	delete_studentexam
88	Can view student exam	22	view_studentexam
89	Can add student answer	23	add_studentanswer
90	Can change student answer	23	change_studentanswer
91	Can delete student answer	23	delete_studentanswer
92	Can view student answer	23	view_studentanswer
93	Can add teacher leave request	24	add_teacherleaverequest
94	Can change teacher leave request	24	change_teacherleaverequest
95	Can delete teacher leave request	24	delete_teacherleaverequest
96	Can view teacher leave request	24	view_teacherleaverequest
97	Can add parent	25	add_parent
98	Can change parent	25	change_parent
99	Can delete parent	25	delete_parent
100	Can view parent	25	view_parent
101	Can add student parent relationship	26	add_studentparentrelationship
102	Can change student parent relationship	26	change_studentparentrelationship
103	Can delete student parent relationship	26	delete_studentparentrelationship
104	Can view student parent relationship	26	view_studentparentrelationship
105	Can add fee category	27	add_feecategory
106	Can change fee category	27	change_feecategory
107	Can delete fee category	27	delete_feecategory
108	Can view fee category	27	view_feecategory
109	Can add fee structure	28	add_feestructure
110	Can change fee structure	28	change_feestructure
111	Can delete fee structure	28	delete_feestructure
112	Can view fee structure	28	view_feestructure
113	Can add student fee payment	29	add_studentfeepayment
114	Can change student fee payment	29	change_studentfeepayment
115	Can delete student fee payment	29	delete_studentfeepayment
116	Can view student fee payment	29	view_studentfeepayment
117	Can add payment transaction	30	add_paymenttransaction
118	Can change payment transaction	30	change_paymenttransaction
119	Can delete payment transaction	30	delete_paymenttransaction
120	Can view payment transaction	30	view_paymenttransaction
121	Can add student	31	add_student
122	Can change student	31	change_student
123	Can delete student	31	delete_student
124	Can view student	31	view_student
125	Can add student leave request	32	add_studentleaverequest
126	Can change student leave request	32	change_studentleaverequest
127	Can delete student leave request	32	delete_studentleaverequest
128	Can view student leave request	32	view_studentleaverequest
129	Can add Teacher-Student Chat Message	33	add_userchatmessage
130	Can change Teacher-Student Chat Message	33	change_userchatmessage
131	Can delete Teacher-Student Chat Message	33	delete_userchatmessage
132	Can view Teacher-Student Chat Message	33	view_userchatmessage
\.


--
-- Data for Name: chat_userchatmessage; Type: TABLE DATA; Schema: public; Owner: postgres
--

COPY public.chat_userchatmessage (id, message, "timestamp", is_received, is_read, receiver_id, sender_id) FROM stdin;
\.


--
-- Data for Name: django_admin_log; Type: TABLE DATA; Schema: public; Owner: postgres
--

COPY public.django_admin_log (id, action_time, object_id, object_repr, action_flag, change_message, content_type_id, user_id) FROM stdin;
\.


--
-- Data for Name: django_content_type; Type: TABLE DATA; Schema: public; Owner: postgres
--

COPY public.django_content_type (id, app_label, model) FROM stdin;
1	admin	logentry
2	auth	permission
3	auth	group
4	contenttypes	contenttype
5	sessions	session
6	token_blacklist	blacklistedtoken
7	token_blacklist	outstandingtoken
8	users	customuser
9	school_admin	admissionnumber
10	teachers	schoolclass
11	teachers	subject
12	teachers	teacher
13	teachers	section
14	teachers	teacherdocument
15	teachers	academicyear
16	teachers	attendance
17	teachers	assignment
18	teachers	assignmentsubmission
19	teachers	exam
20	teachers	question
21	teachers	mcqchoice
22	teachers	studentexam
23	teachers	studentanswer
24	teachers	teacherleaverequest
25	parents	parent
26	parents	studentparentrelationship
27	parents	feecategory
28	parents	feestructure
29	parents	studentfeepayment
30	parents	paymenttransaction
31	students	student
32	students	studentleaverequest
33	chat	userchatmessage
\.


--
-- Data for Name: django_migrations; Type: TABLE DATA; Schema: public; Owner: postgres
--

COPY public.django_migrations (id, app, name, applied) FROM stdin;
1	contenttypes	0001_initial	2025-02-25 10:03:32.753242+00
2	contenttypes	0002_remove_content_type_name	2025-02-25 10:03:32.767335+00
3	auth	0001_initial	2025-02-25 10:03:32.877207+00
4	auth	0002_alter_permission_name_max_length	2025-02-25 10:03:32.885959+00
5	auth	0003_alter_user_email_max_length	2025-02-25 10:03:32.894916+00
6	auth	0004_alter_user_username_opts	2025-02-25 10:03:32.905451+00
7	auth	0005_alter_user_last_login_null	2025-02-25 10:03:32.915531+00
8	auth	0006_require_contenttypes_0002	2025-02-25 10:03:32.919168+00
9	auth	0007_alter_validators_add_error_messages	2025-02-25 10:03:32.9276+00
10	auth	0008_alter_user_username_max_length	2025-02-25 10:03:32.938478+00
11	auth	0009_alter_user_last_name_max_length	2025-02-25 10:03:32.94672+00
12	auth	0010_alter_group_name_max_length	2025-02-25 10:03:32.96135+00
13	auth	0011_update_proxy_permissions	2025-02-25 10:03:32.972213+00
14	auth	0012_alter_user_first_name_max_length	2025-02-25 10:03:32.982268+00
15	users	0001_initial	2025-02-25 10:03:33.079277+00
16	admin	0001_initial	2025-02-25 10:03:33.123776+00
17	admin	0002_logentry_remove_auto_add	2025-02-25 10:03:33.13642+00
18	admin	0003_logentry_add_action_flag_choices	2025-02-25 10:03:33.154967+00
19	chat	0001_initial	2025-02-25 10:03:33.207137+00
20	chat	0002_rename_teacherstudentchatmessage_userchatmessage	2025-02-25 10:03:33.243133+00
21	teachers	0001_initial	2025-02-25 10:03:33.398905+00
22	teachers	0002_alter_schoolclass_class_teacher_and_more	2025-02-25 10:03:33.465654+00
23	teachers	0003_alter_schoolclass_unique_together_and_more	2025-02-25 10:03:33.583615+00
24	teachers	0004_section_student_count	2025-02-25 10:03:33.597055+00
25	teachers	0005_alter_schoolclass_class_name	2025-02-25 10:03:33.628567+00
26	teachers	0006_teacher_sections	2025-02-25 10:03:33.689318+00
27	teachers	0007_section_available_students	2025-02-25 10:03:33.703085+00
28	teachers	0008_remove_teacher_qualifications_teacherdocument	2025-02-25 10:03:33.781354+00
29	teachers	0009_academicyear	2025-02-25 10:03:33.794434+00
30	teachers	0010_section_academic_year	2025-02-25 10:03:33.83661+00
31	teachers	0011_remove_schoolclass_class_teacher_and_more	2025-02-25 10:03:33.90677+00
32	students	0001_initial	2025-02-25 10:03:33.99362+00
33	students	0002_remove_student_guardian_name_student_parent_email_and_more	2025-02-25 10:03:34.063366+00
34	students	0003_alter_student_admission_number_and_more	2025-02-25 10:03:34.112805+00
35	students	0004_alter_student_class_assigned	2025-02-25 10:03:34.1503+00
36	students	0005_remove_student_parent_email_and_more	2025-02-25 10:03:34.201875+00
37	students	0006_student_academic_year	2025-02-25 10:03:34.244956+00
38	students	0007_alter_student_options	2025-02-25 10:03:34.271794+00
39	teachers	0012_attendance	2025-02-25 10:03:34.359628+00
40	teachers	0013_attendance_status	2025-02-25 10:03:34.384118+00
41	teachers	0014_attendance_academic_year	2025-02-25 10:03:34.42952+00
42	teachers	0015_assignment_remove_teacher_subjects_teacher_subjects	2025-02-25 10:03:34.509458+00
43	teachers	0016_remove_teacher_subjects_teacher_subject	2025-02-25 10:03:34.584159+00
44	teachers	0017_alter_teacher_subject	2025-02-25 10:03:34.610755+00
45	teachers	0018_delete_assignment	2025-02-25 10:03:34.618041+00
46	students	0008_alter_student_unique_together_and_more	2025-02-25 10:03:34.713189+00
47	teachers	0019_assignment_assignmentsubmission	2025-02-25 10:03:34.848141+00
48	teachers	0020_alter_assignment_class_section_and_more	2025-02-25 10:03:34.901933+00
49	parents	0001_initial	2025-02-25 10:03:35.026111+00
50	parents	0002_feecategory_feestructure_studentfeepayment_and_more	2025-02-25 10:03:35.240819+00
51	parents	0003_remove_studentfeepayment_due_date_and_more	2025-02-25 10:03:35.280345+00
52	parents	0004_studentfeepayment_due_date	2025-02-25 10:03:35.301227+00
53	school_admin	0001_initial	2025-02-25 10:03:35.359755+00
54	school_admin	0002_admissionnumber	2025-02-25 10:03:35.380814+00
55	school_admin	0003_delete_schooladmin	2025-02-25 10:03:35.389987+00
56	sessions	0001_initial	2025-02-25 10:03:35.424779+00
57	teachers	0021_exam_question_mcqchoice_studentexam_studentanswer	2025-02-25 10:03:35.78106+00
58	teachers	0022_remove_exam_class_section_exam_class_section	2025-02-25 10:03:35.876317+00
59	teachers	0023_teacherstudentchatmessage	2025-02-25 10:03:35.946366+00
60	teachers	0024_alter_teacherstudentchatmessage_options_and_more	2025-02-25 10:03:36.142982+00
61	teachers	0025_delete_teacherstudentchatmessage	2025-02-25 10:03:36.155274+00
62	students	0009_studentleaverequest	2025-02-25 10:03:36.25222+00
63	teachers	0026_teacherleaverequest	2025-02-25 10:03:36.319567+00
64	token_blacklist	0001_initial	2025-02-25 10:03:36.573694+00
65	token_blacklist	0002_outstandingtoken_jti_hex	2025-02-25 10:03:36.593815+00
66	token_blacklist	0003_auto_20171017_2007	2025-02-25 10:03:36.646515+00
67	token_blacklist	0004_auto_20171017_2013	2025-02-25 10:03:36.68155+00
68	token_blacklist	0005_remove_outstandingtoken_jti	2025-02-25 10:03:36.709018+00
69	token_blacklist	0006_auto_20171017_2113	2025-02-25 10:03:36.734462+00
70	token_blacklist	0007_auto_20171017_2214	2025-02-25 10:03:36.825637+00
71	token_blacklist	0008_migrate_to_bigautofield	2025-02-25 10:03:36.946767+00
72	token_blacklist	0010_fix_migrate_to_bigautofield	2025-02-25 10:03:37.004762+00
73	token_blacklist	0011_linearizes_history	2025-02-25 10:03:37.008475+00
74	token_blacklist	0012_alter_outstandingtoken_user	2025-02-25 10:03:37.053603+00
75	users	0002_remove_customuser_is_superadmin	2025-02-25 10:03:37.078505+00
76	users	0003_customuser_address_customuser_city_and_more	2025-02-25 10:03:37.282293+00
77	users	0004_customuser_otp_customuser_otp_verified	2025-02-25 10:03:37.329401+00
78	users	0005_customuser_district	2025-02-25 10:03:37.351752+00
79	users	0006_alter_customuser_emergency_contact_number	2025-02-25 10:03:37.381049+00
80	users	0007_customuser_reset_password	2025-02-25 10:03:37.404065+00
81	users	0008_remove_customuser_otp	2025-02-25 10:03:37.426772+00
82	users	0009_otpverification	2025-02-25 10:03:37.504446+00
83	users	0010_alter_customuser_reset_password_and_more	2025-02-25 10:03:37.531781+00
84	users	0011_customuser_school_logo_customuser_school_name_and_more	2025-02-25 10:03:37.596138+00
\.


--
-- Data for Name: django_session; Type: TABLE DATA; Schema: public; Owner: postgres
--

COPY public.django_session (session_key, session_data, expire_date) FROM stdin;
\.


--
-- Data for Name: parents_feecategory; Type: TABLE DATA; Schema: public; Owner: postgres
--

COPY public.parents_feecategory (id, name, description) FROM stdin;
\.


--
-- Data for Name: parents_feestructure; Type: TABLE DATA; Schema: public; Owner: postgres
--

COPY public.parents_feestructure (id, fee_type, amount, academic_year_id, fee_category_id, section_id, due_date) FROM stdin;
\.


--
-- Data for Name: parents_parent; Type: TABLE DATA; Schema: public; Owner: postgres
--

COPY public.parents_parent (id, occupation, user_id) FROM stdin;
\.


--
-- Data for Name: parents_paymenttransaction; Type: TABLE DATA; Schema: public; Owner: postgres
--

COPY public.parents_paymenttransaction (id, amount_paid, transaction_date, status, stripe_charge_id, payment_method, student_fee_payment_id) FROM stdin;
\.


--
-- Data for Name: parents_studentfeepayment; Type: TABLE DATA; Schema: public; Owner: postgres
--

COPY public.parents_studentfeepayment (id, total_amount, status, stripe_invoice_id, stripe_payment_intent_id, created_at, updated_at, fee_structure_id, student_id, due_date) FROM stdin;
\.


--
-- Data for Name: parents_studentparentrelationship; Type: TABLE DATA; Schema: public; Owner: postgres
--

COPY public.parents_studentparentrelationship (id, relationship_type, date_added, parent_id, student_id) FROM stdin;
\.


--
-- Data for Name: school_admin_admissionnumber; Type: TABLE DATA; Schema: public; Owner: postgres
--

COPY public.school_admin_admissionnumber (id, key, value) FROM stdin;
\.


--
-- Data for Name: students_student; Type: TABLE DATA; Schema: public; Owner: postgres
--

COPY public.students_student (id, admission_number, roll_number, class_assigned_id, user_id, academic_year_id) FROM stdin;
\.


--
-- Data for Name: students_studentleaverequest; Type: TABLE DATA; Schema: public; Owner: postgres
--

COPY public.students_studentleaverequest (id, leave_type, start_date, end_date, reason, supporting_document, status, applied_on, response_comment, class_teacher_id, student_id) FROM stdin;
\.


--
-- Data for Name: teachers_academicyear; Type: TABLE DATA; Schema: public; Owner: postgres
--

COPY public.teachers_academicyear (id, name, start_date, end_date, is_active) FROM stdin;
\.


--
-- Data for Name: teachers_assignment; Type: TABLE DATA; Schema: public; Owner: postgres
--

COPY public.teachers_assignment (id, title, description, status, created_date, last_date, is_active, class_section_id, subject_id, teacher_id) FROM stdin;
\.


--
-- Data for Name: teachers_assignmentsubmission; Type: TABLE DATA; Schema: public; Owner: postgres
--

COPY public.teachers_assignmentsubmission (id, is_submitted, submitted_at, work_file, grade, feedback, assignment_id, student_id) FROM stdin;
\.


--
-- Data for Name: teachers_attendance; Type: TABLE DATA; Schema: public; Owner: postgres
--

COPY public.teachers_attendance (id, date, marked_at, updated_at, marked_by_id, section_id, student_id, status, academic_year_id) FROM stdin;
\.


--
-- Data for Name: teachers_exam; Type: TABLE DATA; Schema: public; Owner: postgres
--

COPY public.teachers_exam (id, title, description, total_mark, duration, start_time, end_time, meet_link, status, created_at, updated_at, subject_id, teacher_id, class_section_id) FROM stdin;
\.


--
-- Data for Name: teachers_mcqchoice; Type: TABLE DATA; Schema: public; Owner: postgres
--

COPY public.teachers_mcqchoice (id, choice_text, is_correct, question_id) FROM stdin;
\.


--
-- Data for Name: teachers_question; Type: TABLE DATA; Schema: public; Owner: postgres
--

COPY public.teachers_question (id, question_text, question_type, marks, "order", exam_id) FROM stdin;
\.


--
-- Data for Name: teachers_schoolclass; Type: TABLE DATA; Schema: public; Owner: postgres
--

COPY public.teachers_schoolclass (id, class_name) FROM stdin;
\.


--
-- Data for Name: teachers_section; Type: TABLE DATA; Schema: public; Owner: postgres
--

COPY public.teachers_section (id, section_name, school_class_id, student_count, available_students, academic_year_id, class_teacher_id) FROM stdin;
\.


--
-- Data for Name: teachers_studentanswer; Type: TABLE DATA; Schema: public; Owner: postgres
--

COPY public.teachers_studentanswer (id, answer_text, marks_obtained, evaluation_comment, evaluated_by_id, question_id, selected_choice_id, student_exam_id) FROM stdin;
\.


--
-- Data for Name: teachers_studentexam; Type: TABLE DATA; Schema: public; Owner: postgres
--

COPY public.teachers_studentexam (id, start_time, submit_time, status, total_score, exam_id, student_id) FROM stdin;
\.


--
-- Data for Name: teachers_subject; Type: TABLE DATA; Schema: public; Owner: postgres
--

COPY public.teachers_subject (id, subject_name) FROM stdin;
\.


--
-- Data for Name: teachers_teacher; Type: TABLE DATA; Schema: public; Owner: postgres
--

COPY public.teachers_teacher (id, user_id, subject_id) FROM stdin;
\.


--
-- Data for Name: teachers_teacher_classes; Type: TABLE DATA; Schema: public; Owner: postgres
--

COPY public.teachers_teacher_classes (id, teacher_id, schoolclass_id) FROM stdin;
\.


--
-- Data for Name: teachers_teacher_sections; Type: TABLE DATA; Schema: public; Owner: postgres
--

COPY public.teachers_teacher_sections (id, teacher_id, section_id) FROM stdin;
\.


--
-- Data for Name: teachers_teacherdocument; Type: TABLE DATA; Schema: public; Owner: postgres
--

COPY public.teachers_teacherdocument (id, title, document, uploaded_at, teacher_id) FROM stdin;
\.


--
-- Data for Name: teachers_teacherleaverequest; Type: TABLE DATA; Schema: public; Owner: postgres
--

COPY public.teachers_teacherleaverequest (id, leave_type, start_date, end_date, reason, supporting_document, status, applied_on, response_comment, teacher_id) FROM stdin;
\.


--
-- Data for Name: token_blacklist_blacklistedtoken; Type: TABLE DATA; Schema: public; Owner: postgres
--

COPY public.token_blacklist_blacklistedtoken (id, blacklisted_at, token_id) FROM stdin;
\.


--
-- Data for Name: token_blacklist_outstandingtoken; Type: TABLE DATA; Schema: public; Owner: postgres
--

COPY public.token_blacklist_outstandingtoken (id, token, created_at, expires_at, user_id, jti) FROM stdin;
\.


--
-- Data for Name: users_customuser; Type: TABLE DATA; Schema: public; Owner: postgres
--

COPY public.users_customuser (id, password, last_login, is_superuser, username, first_name, last_name, email, is_staff, is_active, date_joined, gender, created_at, updated_at, is_schooladmin, is_teacher, is_student, is_parent, address, city, country, date_of_birth, emergency_contact_number, phone_number, postal_code, profile_image, state, otp_verified, district, reset_password, school_logo, school_name, school_type) FROM stdin;
1	pbkdf2_sha256$870000$rHprXxkGR7RYDxO9pe9BO2$HADv2opnRD2NF2nrFNISS5N/26Mm2KFb8THrk0DhVdA=	2025-02-25 10:10:54.365189+00	t	dell			learneraapp100@gmail.com	t	t	2025-02-25 10:05:24.851676+00	\N	2025-02-25 10:05:24.851743+00	2025-02-25 10:05:25.427759+00	f	f	f	f	\N	\N	\N	\N	\N	\N	\N		\N	f	\N	f		\N	\N
\.


--
-- Data for Name: users_customuser_groups; Type: TABLE DATA; Schema: public; Owner: postgres
--

COPY public.users_customuser_groups (id, customuser_id, group_id) FROM stdin;
\.


--
-- Data for Name: users_customuser_user_permissions; Type: TABLE DATA; Schema: public; Owner: postgres
--

COPY public.users_customuser_user_permissions (id, customuser_id, permission_id) FROM stdin;
\.


--
-- Name: auth_group_id_seq; Type: SEQUENCE SET; Schema: public; Owner: postgres
--

SELECT pg_catalog.setval('public.auth_group_id_seq', 1, false);


--
-- Name: auth_group_permissions_id_seq; Type: SEQUENCE SET; Schema: public; Owner: postgres
--

SELECT pg_catalog.setval('public.auth_group_permissions_id_seq', 1, false);


--
-- Name: auth_permission_id_seq; Type: SEQUENCE SET; Schema: public; Owner: postgres
--

SELECT pg_catalog.setval('public.auth_permission_id_seq', 132, true);


--
-- Name: chat_teacherstudentchatmessage_id_seq; Type: SEQUENCE SET; Schema: public; Owner: postgres
--

SELECT pg_catalog.setval('public.chat_teacherstudentchatmessage_id_seq', 1, false);


--
-- Name: django_admin_log_id_seq; Type: SEQUENCE SET; Schema: public; Owner: postgres
--

SELECT pg_catalog.setval('public.django_admin_log_id_seq', 1, false);


--
-- Name: django_content_type_id_seq; Type: SEQUENCE SET; Schema: public; Owner: postgres
--

SELECT pg_catalog.setval('public.django_content_type_id_seq', 33, true);


--
-- Name: django_migrations_id_seq; Type: SEQUENCE SET; Schema: public; Owner: postgres
--

SELECT pg_catalog.setval('public.django_migrations_id_seq', 84, true);


--
-- Name: parents_feecategory_id_seq; Type: SEQUENCE SET; Schema: public; Owner: postgres
--

SELECT pg_catalog.setval('public.parents_feecategory_id_seq', 1, false);


--
-- Name: parents_feestructure_id_seq; Type: SEQUENCE SET; Schema: public; Owner: postgres
--

SELECT pg_catalog.setval('public.parents_feestructure_id_seq', 1, false);


--
-- Name: parents_parent_id_seq; Type: SEQUENCE SET; Schema: public; Owner: postgres
--

SELECT pg_catalog.setval('public.parents_parent_id_seq', 1, false);


--
-- Name: parents_paymenttransaction_id_seq; Type: SEQUENCE SET; Schema: public; Owner: postgres
--

SELECT pg_catalog.setval('public.parents_paymenttransaction_id_seq', 1, false);


--
-- Name: parents_studentfeepayment_id_seq; Type: SEQUENCE SET; Schema: public; Owner: postgres
--

SELECT pg_catalog.setval('public.parents_studentfeepayment_id_seq', 1, false);


--
-- Name: parents_studentparentrelationship_id_seq; Type: SEQUENCE SET; Schema: public; Owner: postgres
--

SELECT pg_catalog.setval('public.parents_studentparentrelationship_id_seq', 1, false);


--
-- Name: school_admin_admissionnumber_id_seq; Type: SEQUENCE SET; Schema: public; Owner: postgres
--

SELECT pg_catalog.setval('public.school_admin_admissionnumber_id_seq', 1, false);


--
-- Name: students_student_id_seq; Type: SEQUENCE SET; Schema: public; Owner: postgres
--

SELECT pg_catalog.setval('public.students_student_id_seq', 1, false);


--
-- Name: students_studentleaverequest_id_seq; Type: SEQUENCE SET; Schema: public; Owner: postgres
--

SELECT pg_catalog.setval('public.students_studentleaverequest_id_seq', 1, false);


--
-- Name: teachers_academicyear_id_seq; Type: SEQUENCE SET; Schema: public; Owner: postgres
--

SELECT pg_catalog.setval('public.teachers_academicyear_id_seq', 1, false);


--
-- Name: teachers_assignment_id_seq; Type: SEQUENCE SET; Schema: public; Owner: postgres
--

SELECT pg_catalog.setval('public.teachers_assignment_id_seq', 1, false);


--
-- Name: teachers_assignmentsubmission_id_seq; Type: SEQUENCE SET; Schema: public; Owner: postgres
--

SELECT pg_catalog.setval('public.teachers_assignmentsubmission_id_seq', 1, false);


--
-- Name: teachers_attendance_id_seq; Type: SEQUENCE SET; Schema: public; Owner: postgres
--

SELECT pg_catalog.setval('public.teachers_attendance_id_seq', 1, false);


--
-- Name: teachers_exam_id_seq; Type: SEQUENCE SET; Schema: public; Owner: postgres
--

SELECT pg_catalog.setval('public.teachers_exam_id_seq', 1, false);


--
-- Name: teachers_mcqchoice_id_seq; Type: SEQUENCE SET; Schema: public; Owner: postgres
--

SELECT pg_catalog.setval('public.teachers_mcqchoice_id_seq', 1, false);


--
-- Name: teachers_question_id_seq; Type: SEQUENCE SET; Schema: public; Owner: postgres
--

SELECT pg_catalog.setval('public.teachers_question_id_seq', 1, false);


--
-- Name: teachers_schoolclass_id_seq; Type: SEQUENCE SET; Schema: public; Owner: postgres
--

SELECT pg_catalog.setval('public.teachers_schoolclass_id_seq', 1, false);


--
-- Name: teachers_section_id_seq; Type: SEQUENCE SET; Schema: public; Owner: postgres
--

SELECT pg_catalog.setval('public.teachers_section_id_seq', 1, false);


--
-- Name: teachers_studentanswer_id_seq; Type: SEQUENCE SET; Schema: public; Owner: postgres
--

SELECT pg_catalog.setval('public.teachers_studentanswer_id_seq', 1, false);


--
-- Name: teachers_studentexam_id_seq; Type: SEQUENCE SET; Schema: public; Owner: postgres
--

SELECT pg_catalog.setval('public.teachers_studentexam_id_seq', 1, false);


--
-- Name: teachers_subject_id_seq; Type: SEQUENCE SET; Schema: public; Owner: postgres
--

SELECT pg_catalog.setval('public.teachers_subject_id_seq', 1, false);


--
-- Name: teachers_teacher_classes_id_seq; Type: SEQUENCE SET; Schema: public; Owner: postgres
--

SELECT pg_catalog.setval('public.teachers_teacher_classes_id_seq', 1, false);


--
-- Name: teachers_teacher_id_seq; Type: SEQUENCE SET; Schema: public; Owner: postgres
--

SELECT pg_catalog.setval('public.teachers_teacher_id_seq', 1, false);


--
-- Name: teachers_teacher_sections_id_seq; Type: SEQUENCE SET; Schema: public; Owner: postgres
--

SELECT pg_catalog.setval('public.teachers_teacher_sections_id_seq', 1, false);


--
-- Name: teachers_teacherdocument_id_seq; Type: SEQUENCE SET; Schema: public; Owner: postgres
--

SELECT pg_catalog.setval('public.teachers_teacherdocument_id_seq', 1, false);


--
-- Name: teachers_teacherleaverequest_id_seq; Type: SEQUENCE SET; Schema: public; Owner: postgres
--

SELECT pg_catalog.setval('public.teachers_teacherleaverequest_id_seq', 1, false);


--
-- Name: token_blacklist_blacklistedtoken_id_seq; Type: SEQUENCE SET; Schema: public; Owner: postgres
--

SELECT pg_catalog.setval('public.token_blacklist_blacklistedtoken_id_seq', 1, false);


--
-- Name: token_blacklist_outstandingtoken_id_seq; Type: SEQUENCE SET; Schema: public; Owner: postgres
--

SELECT pg_catalog.setval('public.token_blacklist_outstandingtoken_id_seq', 1, false);


--
-- Name: users_customuser_groups_id_seq; Type: SEQUENCE SET; Schema: public; Owner: postgres
--

SELECT pg_catalog.setval('public.users_customuser_groups_id_seq', 1, false);


--
-- Name: users_customuser_id_seq; Type: SEQUENCE SET; Schema: public; Owner: postgres
--

SELECT pg_catalog.setval('public.users_customuser_id_seq', 1, true);


--
-- Name: users_customuser_user_permissions_id_seq; Type: SEQUENCE SET; Schema: public; Owner: postgres
--

SELECT pg_catalog.setval('public.users_customuser_user_permissions_id_seq', 1, false);


--
-- Name: auth_group auth_group_name_key; Type: CONSTRAINT; Schema: public; Owner: postgres
--

ALTER TABLE ONLY public.auth_group
    ADD CONSTRAINT auth_group_name_key UNIQUE (name);


--
-- Name: auth_group_permissions auth_group_permissions_group_id_permission_id_0cd325b0_uniq; Type: CONSTRAINT; Schema: public; Owner: postgres
--

ALTER TABLE ONLY public.auth_group_permissions
    ADD CONSTRAINT auth_group_permissions_group_id_permission_id_0cd325b0_uniq UNIQUE (group_id, permission_id);


--
-- Name: auth_group_permissions auth_group_permissions_pkey; Type: CONSTRAINT; Schema: public; Owner: postgres
--

ALTER TABLE ONLY public.auth_group_permissions
    ADD CONSTRAINT auth_group_permissions_pkey PRIMARY KEY (id);


--
-- Name: auth_group auth_group_pkey; Type: CONSTRAINT; Schema: public; Owner: postgres
--

ALTER TABLE ONLY public.auth_group
    ADD CONSTRAINT auth_group_pkey PRIMARY KEY (id);


--
-- Name: auth_permission auth_permission_content_type_id_codename_01ab375a_uniq; Type: CONSTRAINT; Schema: public; Owner: postgres
--

ALTER TABLE ONLY public.auth_permission
    ADD CONSTRAINT auth_permission_content_type_id_codename_01ab375a_uniq UNIQUE (content_type_id, codename);


--
-- Name: auth_permission auth_permission_pkey; Type: CONSTRAINT; Schema: public; Owner: postgres
--

ALTER TABLE ONLY public.auth_permission
    ADD CONSTRAINT auth_permission_pkey PRIMARY KEY (id);


--
-- Name: chat_userchatmessage chat_teacherstudentchatmessage_pkey; Type: CONSTRAINT; Schema: public; Owner: postgres
--

ALTER TABLE ONLY public.chat_userchatmessage
    ADD CONSTRAINT chat_teacherstudentchatmessage_pkey PRIMARY KEY (id);


--
-- Name: django_admin_log django_admin_log_pkey; Type: CONSTRAINT; Schema: public; Owner: postgres
--

ALTER TABLE ONLY public.django_admin_log
    ADD CONSTRAINT django_admin_log_pkey PRIMARY KEY (id);


--
-- Name: django_content_type django_content_type_app_label_model_76bd3d3b_uniq; Type: CONSTRAINT; Schema: public; Owner: postgres
--

ALTER TABLE ONLY public.django_content_type
    ADD CONSTRAINT django_content_type_app_label_model_76bd3d3b_uniq UNIQUE (app_label, model);


--
-- Name: django_content_type django_content_type_pkey; Type: CONSTRAINT; Schema: public; Owner: postgres
--

ALTER TABLE ONLY public.django_content_type
    ADD CONSTRAINT django_content_type_pkey PRIMARY KEY (id);


--
-- Name: django_migrations django_migrations_pkey; Type: CONSTRAINT; Schema: public; Owner: postgres
--

ALTER TABLE ONLY public.django_migrations
    ADD CONSTRAINT django_migrations_pkey PRIMARY KEY (id);


--
-- Name: django_session django_session_pkey; Type: CONSTRAINT; Schema: public; Owner: postgres
--

ALTER TABLE ONLY public.django_session
    ADD CONSTRAINT django_session_pkey PRIMARY KEY (session_key);


--
-- Name: parents_feecategory parents_feecategory_name_key; Type: CONSTRAINT; Schema: public; Owner: postgres
--

ALTER TABLE ONLY public.parents_feecategory
    ADD CONSTRAINT parents_feecategory_name_key UNIQUE (name);


--
-- Name: parents_feecategory parents_feecategory_pkey; Type: CONSTRAINT; Schema: public; Owner: postgres
--

ALTER TABLE ONLY public.parents_feecategory
    ADD CONSTRAINT parents_feecategory_pkey PRIMARY KEY (id);


--
-- Name: parents_feestructure parents_feestructure_academic_year_id_section_cf90f477_uniq; Type: CONSTRAINT; Schema: public; Owner: postgres
--

ALTER TABLE ONLY public.parents_feestructure
    ADD CONSTRAINT parents_feestructure_academic_year_id_section_cf90f477_uniq UNIQUE (academic_year_id, section_id, fee_category_id);


--
-- Name: parents_feestructure parents_feestructure_pkey; Type: CONSTRAINT; Schema: public; Owner: postgres
--

ALTER TABLE ONLY public.parents_feestructure
    ADD CONSTRAINT parents_feestructure_pkey PRIMARY KEY (id);


--
-- Name: parents_parent parents_parent_pkey; Type: CONSTRAINT; Schema: public; Owner: postgres
--

ALTER TABLE ONLY public.parents_parent
    ADD CONSTRAINT parents_parent_pkey PRIMARY KEY (id);


--
-- Name: parents_parent parents_parent_user_id_key; Type: CONSTRAINT; Schema: public; Owner: postgres
--

ALTER TABLE ONLY public.parents_parent
    ADD CONSTRAINT parents_parent_user_id_key UNIQUE (user_id);


--
-- Name: parents_paymenttransaction parents_paymenttransaction_pkey; Type: CONSTRAINT; Schema: public; Owner: postgres
--

ALTER TABLE ONLY public.parents_paymenttransaction
    ADD CONSTRAINT parents_paymenttransaction_pkey PRIMARY KEY (id);


--
-- Name: parents_paymenttransaction parents_paymenttransaction_stripe_charge_id_key; Type: CONSTRAINT; Schema: public; Owner: postgres
--

ALTER TABLE ONLY public.parents_paymenttransaction
    ADD CONSTRAINT parents_paymenttransaction_stripe_charge_id_key UNIQUE (stripe_charge_id);


--
-- Name: parents_studentfeepayment parents_studentfeepayment_pkey; Type: CONSTRAINT; Schema: public; Owner: postgres
--

ALTER TABLE ONLY public.parents_studentfeepayment
    ADD CONSTRAINT parents_studentfeepayment_pkey PRIMARY KEY (id);


--
-- Name: parents_studentfeepayment parents_studentfeepayment_stripe_invoice_id_key; Type: CONSTRAINT; Schema: public; Owner: postgres
--

ALTER TABLE ONLY public.parents_studentfeepayment
    ADD CONSTRAINT parents_studentfeepayment_stripe_invoice_id_key UNIQUE (stripe_invoice_id);


--
-- Name: parents_studentfeepayment parents_studentfeepayment_stripe_payment_intent_id_key; Type: CONSTRAINT; Schema: public; Owner: postgres
--

ALTER TABLE ONLY public.parents_studentfeepayment
    ADD CONSTRAINT parents_studentfeepayment_stripe_payment_intent_id_key UNIQUE (stripe_payment_intent_id);


--
-- Name: parents_studentparentrelationship parents_studentparentrel_student_id_parent_id_83c31031_uniq; Type: CONSTRAINT; Schema: public; Owner: postgres
--

ALTER TABLE ONLY public.parents_studentparentrelationship
    ADD CONSTRAINT parents_studentparentrel_student_id_parent_id_83c31031_uniq UNIQUE (student_id, parent_id);


--
-- Name: parents_studentparentrelationship parents_studentparentrelationship_pkey; Type: CONSTRAINT; Schema: public; Owner: postgres
--

ALTER TABLE ONLY public.parents_studentparentrelationship
    ADD CONSTRAINT parents_studentparentrelationship_pkey PRIMARY KEY (id);


--
-- Name: school_admin_admissionnumber school_admin_admissionnumber_key_key; Type: CONSTRAINT; Schema: public; Owner: postgres
--

ALTER TABLE ONLY public.school_admin_admissionnumber
    ADD CONSTRAINT school_admin_admissionnumber_key_key UNIQUE (key);


--
-- Name: school_admin_admissionnumber school_admin_admissionnumber_pkey; Type: CONSTRAINT; Schema: public; Owner: postgres
--

ALTER TABLE ONLY public.school_admin_admissionnumber
    ADD CONSTRAINT school_admin_admissionnumber_pkey PRIMARY KEY (id);


--
-- Name: students_student students_student_admission_number_key; Type: CONSTRAINT; Schema: public; Owner: postgres
--

ALTER TABLE ONLY public.students_student
    ADD CONSTRAINT students_student_admission_number_key UNIQUE (admission_number);


--
-- Name: students_student students_student_pkey; Type: CONSTRAINT; Schema: public; Owner: postgres
--

ALTER TABLE ONLY public.students_student
    ADD CONSTRAINT students_student_pkey PRIMARY KEY (id);


--
-- Name: students_student students_student_roll_number_class_assign_bdfc4b68_uniq; Type: CONSTRAINT; Schema: public; Owner: postgres
--

ALTER TABLE ONLY public.students_student
    ADD CONSTRAINT students_student_roll_number_class_assign_bdfc4b68_uniq UNIQUE (roll_number, class_assigned_id, academic_year_id);


--
-- Name: students_student students_student_user_id_key; Type: CONSTRAINT; Schema: public; Owner: postgres
--

ALTER TABLE ONLY public.students_student
    ADD CONSTRAINT students_student_user_id_key UNIQUE (user_id);


--
-- Name: students_studentleaverequest students_studentleaverequest_pkey; Type: CONSTRAINT; Schema: public; Owner: postgres
--

ALTER TABLE ONLY public.students_studentleaverequest
    ADD CONSTRAINT students_studentleaverequest_pkey PRIMARY KEY (id);


--
-- Name: teachers_academicyear teachers_academicyear_pkey; Type: CONSTRAINT; Schema: public; Owner: postgres
--

ALTER TABLE ONLY public.teachers_academicyear
    ADD CONSTRAINT teachers_academicyear_pkey PRIMARY KEY (id);


--
-- Name: teachers_assignment teachers_assignment_pkey; Type: CONSTRAINT; Schema: public; Owner: postgres
--

ALTER TABLE ONLY public.teachers_assignment
    ADD CONSTRAINT teachers_assignment_pkey PRIMARY KEY (id);


--
-- Name: teachers_assignmentsubmission teachers_assignmentsubmission_pkey; Type: CONSTRAINT; Schema: public; Owner: postgres
--

ALTER TABLE ONLY public.teachers_assignmentsubmission
    ADD CONSTRAINT teachers_assignmentsubmission_pkey PRIMARY KEY (id);


--
-- Name: teachers_attendance teachers_attendance_pkey; Type: CONSTRAINT; Schema: public; Owner: postgres
--

ALTER TABLE ONLY public.teachers_attendance
    ADD CONSTRAINT teachers_attendance_pkey PRIMARY KEY (id);


--
-- Name: teachers_attendance teachers_attendance_student_id_date_section_id_7aee9854_uniq; Type: CONSTRAINT; Schema: public; Owner: postgres
--

ALTER TABLE ONLY public.teachers_attendance
    ADD CONSTRAINT teachers_attendance_student_id_date_section_id_7aee9854_uniq UNIQUE (student_id, date, section_id);


--
-- Name: teachers_exam teachers_exam_pkey; Type: CONSTRAINT; Schema: public; Owner: postgres
--

ALTER TABLE ONLY public.teachers_exam
    ADD CONSTRAINT teachers_exam_pkey PRIMARY KEY (id);


--
-- Name: teachers_mcqchoice teachers_mcqchoice_pkey; Type: CONSTRAINT; Schema: public; Owner: postgres
--

ALTER TABLE ONLY public.teachers_mcqchoice
    ADD CONSTRAINT teachers_mcqchoice_pkey PRIMARY KEY (id);


--
-- Name: teachers_question teachers_question_pkey; Type: CONSTRAINT; Schema: public; Owner: postgres
--

ALTER TABLE ONLY public.teachers_question
    ADD CONSTRAINT teachers_question_pkey PRIMARY KEY (id);


--
-- Name: teachers_schoolclass teachers_schoolclass_pkey; Type: CONSTRAINT; Schema: public; Owner: postgres
--

ALTER TABLE ONLY public.teachers_schoolclass
    ADD CONSTRAINT teachers_schoolclass_pkey PRIMARY KEY (id);


--
-- Name: teachers_section teachers_section_pkey; Type: CONSTRAINT; Schema: public; Owner: postgres
--

ALTER TABLE ONLY public.teachers_section
    ADD CONSTRAINT teachers_section_pkey PRIMARY KEY (id);


--
-- Name: teachers_section teachers_section_school_class_id_section_name_7ea00096_uniq; Type: CONSTRAINT; Schema: public; Owner: postgres
--

ALTER TABLE ONLY public.teachers_section
    ADD CONSTRAINT teachers_section_school_class_id_section_name_7ea00096_uniq UNIQUE (school_class_id, section_name);


--
-- Name: teachers_studentanswer teachers_studentanswer_pkey; Type: CONSTRAINT; Schema: public; Owner: postgres
--

ALTER TABLE ONLY public.teachers_studentanswer
    ADD CONSTRAINT teachers_studentanswer_pkey PRIMARY KEY (id);


--
-- Name: teachers_studentanswer teachers_studentanswer_student_exam_id_question_c1471485_uniq; Type: CONSTRAINT; Schema: public; Owner: postgres
--

ALTER TABLE ONLY public.teachers_studentanswer
    ADD CONSTRAINT teachers_studentanswer_student_exam_id_question_c1471485_uniq UNIQUE (student_exam_id, question_id);


--
-- Name: teachers_studentexam teachers_studentexam_pkey; Type: CONSTRAINT; Schema: public; Owner: postgres
--

ALTER TABLE ONLY public.teachers_studentexam
    ADD CONSTRAINT teachers_studentexam_pkey PRIMARY KEY (id);


--
-- Name: teachers_studentexam teachers_studentexam_student_id_exam_id_8b1e93c7_uniq; Type: CONSTRAINT; Schema: public; Owner: postgres
--

ALTER TABLE ONLY public.teachers_studentexam
    ADD CONSTRAINT teachers_studentexam_student_id_exam_id_8b1e93c7_uniq UNIQUE (student_id, exam_id);


--
-- Name: teachers_subject teachers_subject_pkey; Type: CONSTRAINT; Schema: public; Owner: postgres
--

ALTER TABLE ONLY public.teachers_subject
    ADD CONSTRAINT teachers_subject_pkey PRIMARY KEY (id);


--
-- Name: teachers_teacher_classes teachers_teacher_classes_pkey; Type: CONSTRAINT; Schema: public; Owner: postgres
--

ALTER TABLE ONLY public.teachers_teacher_classes
    ADD CONSTRAINT teachers_teacher_classes_pkey PRIMARY KEY (id);


--
-- Name: teachers_teacher_classes teachers_teacher_classes_teacher_id_schoolclass_i_d000fe1c_uniq; Type: CONSTRAINT; Schema: public; Owner: postgres
--

ALTER TABLE ONLY public.teachers_teacher_classes
    ADD CONSTRAINT teachers_teacher_classes_teacher_id_schoolclass_i_d000fe1c_uniq UNIQUE (teacher_id, schoolclass_id);


--
-- Name: teachers_teacher teachers_teacher_pkey; Type: CONSTRAINT; Schema: public; Owner: postgres
--

ALTER TABLE ONLY public.teachers_teacher
    ADD CONSTRAINT teachers_teacher_pkey PRIMARY KEY (id);


--
-- Name: teachers_teacher_sections teachers_teacher_sections_pkey; Type: CONSTRAINT; Schema: public; Owner: postgres
--

ALTER TABLE ONLY public.teachers_teacher_sections
    ADD CONSTRAINT teachers_teacher_sections_pkey PRIMARY KEY (id);


--
-- Name: teachers_teacher_sections teachers_teacher_sections_teacher_id_section_id_98e130e2_uniq; Type: CONSTRAINT; Schema: public; Owner: postgres
--

ALTER TABLE ONLY public.teachers_teacher_sections
    ADD CONSTRAINT teachers_teacher_sections_teacher_id_section_id_98e130e2_uniq UNIQUE (teacher_id, section_id);


--
-- Name: teachers_teacher teachers_teacher_user_id_key; Type: CONSTRAINT; Schema: public; Owner: postgres
--

ALTER TABLE ONLY public.teachers_teacher
    ADD CONSTRAINT teachers_teacher_user_id_key UNIQUE (user_id);


--
-- Name: teachers_teacherdocument teachers_teacherdocument_pkey; Type: CONSTRAINT; Schema: public; Owner: postgres
--

ALTER TABLE ONLY public.teachers_teacherdocument
    ADD CONSTRAINT teachers_teacherdocument_pkey PRIMARY KEY (id);


--
-- Name: teachers_teacherleaverequest teachers_teacherleaverequest_pkey; Type: CONSTRAINT; Schema: public; Owner: postgres
--

ALTER TABLE ONLY public.teachers_teacherleaverequest
    ADD CONSTRAINT teachers_teacherleaverequest_pkey PRIMARY KEY (id);


--
-- Name: token_blacklist_blacklistedtoken token_blacklist_blacklistedtoken_pkey; Type: CONSTRAINT; Schema: public; Owner: postgres
--

ALTER TABLE ONLY public.token_blacklist_blacklistedtoken
    ADD CONSTRAINT token_blacklist_blacklistedtoken_pkey PRIMARY KEY (id);


--
-- Name: token_blacklist_blacklistedtoken token_blacklist_blacklistedtoken_token_id_key; Type: CONSTRAINT; Schema: public; Owner: postgres
--

ALTER TABLE ONLY public.token_blacklist_blacklistedtoken
    ADD CONSTRAINT token_blacklist_blacklistedtoken_token_id_key UNIQUE (token_id);


--
-- Name: token_blacklist_outstandingtoken token_blacklist_outstandingtoken_jti_hex_d9bdf6f7_uniq; Type: CONSTRAINT; Schema: public; Owner: postgres
--

ALTER TABLE ONLY public.token_blacklist_outstandingtoken
    ADD CONSTRAINT token_blacklist_outstandingtoken_jti_hex_d9bdf6f7_uniq UNIQUE (jti);


--
-- Name: token_blacklist_outstandingtoken token_blacklist_outstandingtoken_pkey; Type: CONSTRAINT; Schema: public; Owner: postgres
--

ALTER TABLE ONLY public.token_blacklist_outstandingtoken
    ADD CONSTRAINT token_blacklist_outstandingtoken_pkey PRIMARY KEY (id);


--
-- Name: users_customuser_groups users_customuser_groups_customuser_id_group_id_76b619e3_uniq; Type: CONSTRAINT; Schema: public; Owner: postgres
--

ALTER TABLE ONLY public.users_customuser_groups
    ADD CONSTRAINT users_customuser_groups_customuser_id_group_id_76b619e3_uniq UNIQUE (customuser_id, group_id);


--
-- Name: users_customuser_groups users_customuser_groups_pkey; Type: CONSTRAINT; Schema: public; Owner: postgres
--

ALTER TABLE ONLY public.users_customuser_groups
    ADD CONSTRAINT users_customuser_groups_pkey PRIMARY KEY (id);


--
-- Name: users_customuser users_customuser_phone_number_key; Type: CONSTRAINT; Schema: public; Owner: postgres
--

ALTER TABLE ONLY public.users_customuser
    ADD CONSTRAINT users_customuser_phone_number_key UNIQUE (phone_number);


--
-- Name: users_customuser users_customuser_pkey; Type: CONSTRAINT; Schema: public; Owner: postgres
--

ALTER TABLE ONLY public.users_customuser
    ADD CONSTRAINT users_customuser_pkey PRIMARY KEY (id);


--
-- Name: users_customuser_user_permissions users_customuser_user_pe_customuser_id_permission_7a7debf6_uniq; Type: CONSTRAINT; Schema: public; Owner: postgres
--

ALTER TABLE ONLY public.users_customuser_user_permissions
    ADD CONSTRAINT users_customuser_user_pe_customuser_id_permission_7a7debf6_uniq UNIQUE (customuser_id, permission_id);


--
-- Name: users_customuser_user_permissions users_customuser_user_permissions_pkey; Type: CONSTRAINT; Schema: public; Owner: postgres
--

ALTER TABLE ONLY public.users_customuser_user_permissions
    ADD CONSTRAINT users_customuser_user_permissions_pkey PRIMARY KEY (id);


--
-- Name: users_customuser users_customuser_username_key; Type: CONSTRAINT; Schema: public; Owner: postgres
--

ALTER TABLE ONLY public.users_customuser
    ADD CONSTRAINT users_customuser_username_key UNIQUE (username);


--
-- Name: auth_group_name_a6ea08ec_like; Type: INDEX; Schema: public; Owner: postgres
--

CREATE INDEX auth_group_name_a6ea08ec_like ON public.auth_group USING btree (name varchar_pattern_ops);


--
-- Name: auth_group_permissions_group_id_b120cbf9; Type: INDEX; Schema: public; Owner: postgres
--

CREATE INDEX auth_group_permissions_group_id_b120cbf9 ON public.auth_group_permissions USING btree (group_id);


--
-- Name: auth_group_permissions_permission_id_84c5c92e; Type: INDEX; Schema: public; Owner: postgres
--

CREATE INDEX auth_group_permissions_permission_id_84c5c92e ON public.auth_group_permissions USING btree (permission_id);


--
-- Name: auth_permission_content_type_id_2f476e4b; Type: INDEX; Schema: public; Owner: postgres
--

CREATE INDEX auth_permission_content_type_id_2f476e4b ON public.auth_permission USING btree (content_type_id);


--
-- Name: chat_teacherstudentchatmessage_receiver_id_d944f8f9; Type: INDEX; Schema: public; Owner: postgres
--

CREATE INDEX chat_teacherstudentchatmessage_receiver_id_d944f8f9 ON public.chat_userchatmessage USING btree (receiver_id);


--
-- Name: chat_teacherstudentchatmessage_sender_id_3625100d; Type: INDEX; Schema: public; Owner: postgres
--

CREATE INDEX chat_teacherstudentchatmessage_sender_id_3625100d ON public.chat_userchatmessage USING btree (sender_id);


--
-- Name: django_admin_log_content_type_id_c4bce8eb; Type: INDEX; Schema: public; Owner: postgres
--

CREATE INDEX django_admin_log_content_type_id_c4bce8eb ON public.django_admin_log USING btree (content_type_id);


--
-- Name: django_admin_log_user_id_c564eba6; Type: INDEX; Schema: public; Owner: postgres
--

CREATE INDEX django_admin_log_user_id_c564eba6 ON public.django_admin_log USING btree (user_id);


--
-- Name: django_session_expire_date_a5c62663; Type: INDEX; Schema: public; Owner: postgres
--

CREATE INDEX django_session_expire_date_a5c62663 ON public.django_session USING btree (expire_date);


--
-- Name: django_session_session_key_c0390e0f_like; Type: INDEX; Schema: public; Owner: postgres
--

CREATE INDEX django_session_session_key_c0390e0f_like ON public.django_session USING btree (session_key varchar_pattern_ops);


--
-- Name: parents_feecategory_name_84edaf76_like; Type: INDEX; Schema: public; Owner: postgres
--

CREATE INDEX parents_feecategory_name_84edaf76_like ON public.parents_feecategory USING btree (name varchar_pattern_ops);


--
-- Name: parents_feestructure_academic_year_id_629d7cec; Type: INDEX; Schema: public; Owner: postgres
--

CREATE INDEX parents_feestructure_academic_year_id_629d7cec ON public.parents_feestructure USING btree (academic_year_id);


--
-- Name: parents_feestructure_fee_category_id_ce550425; Type: INDEX; Schema: public; Owner: postgres
--

CREATE INDEX parents_feestructure_fee_category_id_ce550425 ON public.parents_feestructure USING btree (fee_category_id);


--
-- Name: parents_feestructure_section_id_27d23a9d; Type: INDEX; Schema: public; Owner: postgres
--

CREATE INDEX parents_feestructure_section_id_27d23a9d ON public.parents_feestructure USING btree (section_id);


--
-- Name: parents_paymenttransaction_stripe_charge_id_0116813b_like; Type: INDEX; Schema: public; Owner: postgres
--

CREATE INDEX parents_paymenttransaction_stripe_charge_id_0116813b_like ON public.parents_paymenttransaction USING btree (stripe_charge_id varchar_pattern_ops);


--
-- Name: parents_paymenttransaction_student_fee_payment_id_006a14bb; Type: INDEX; Schema: public; Owner: postgres
--

CREATE INDEX parents_paymenttransaction_student_fee_payment_id_006a14bb ON public.parents_paymenttransaction USING btree (student_fee_payment_id);


--
-- Name: parents_studentfeepaymen_stripe_payment_intent_id_7f3ccd10_like; Type: INDEX; Schema: public; Owner: postgres
--

CREATE INDEX parents_studentfeepaymen_stripe_payment_intent_id_7f3ccd10_like ON public.parents_studentfeepayment USING btree (stripe_payment_intent_id varchar_pattern_ops);


--
-- Name: parents_studentfeepayment_fee_structure_id_62655a2d; Type: INDEX; Schema: public; Owner: postgres
--

CREATE INDEX parents_studentfeepayment_fee_structure_id_62655a2d ON public.parents_studentfeepayment USING btree (fee_structure_id);


--
-- Name: parents_studentfeepayment_stripe_invoice_id_65e080af_like; Type: INDEX; Schema: public; Owner: postgres
--

CREATE INDEX parents_studentfeepayment_stripe_invoice_id_65e080af_like ON public.parents_studentfeepayment USING btree (stripe_invoice_id varchar_pattern_ops);


--
-- Name: parents_studentfeepayment_student_id_7540b2af; Type: INDEX; Schema: public; Owner: postgres
--

CREATE INDEX parents_studentfeepayment_student_id_7540b2af ON public.parents_studentfeepayment USING btree (student_id);


--
-- Name: parents_studentparentrelationship_parent_id_de92b6ad; Type: INDEX; Schema: public; Owner: postgres
--

CREATE INDEX parents_studentparentrelationship_parent_id_de92b6ad ON public.parents_studentparentrelationship USING btree (parent_id);


--
-- Name: parents_studentparentrelationship_student_id_c07b7f8c; Type: INDEX; Schema: public; Owner: postgres
--

CREATE INDEX parents_studentparentrelationship_student_id_c07b7f8c ON public.parents_studentparentrelationship USING btree (student_id);


--
-- Name: school_admin_admissionnumber_key_c0b5b0ae_like; Type: INDEX; Schema: public; Owner: postgres
--

CREATE INDEX school_admin_admissionnumber_key_c0b5b0ae_like ON public.school_admin_admissionnumber USING btree (key varchar_pattern_ops);


--
-- Name: students_student_academic_year_id_800140da; Type: INDEX; Schema: public; Owner: postgres
--

CREATE INDEX students_student_academic_year_id_800140da ON public.students_student USING btree (academic_year_id);


--
-- Name: students_student_class_assigned_id_ece5de78; Type: INDEX; Schema: public; Owner: postgres
--

CREATE INDEX students_student_class_assigned_id_ece5de78 ON public.students_student USING btree (class_assigned_id);


--
-- Name: students_studentleaverequest_class_teacher_id_76e9e8ab; Type: INDEX; Schema: public; Owner: postgres
--

CREATE INDEX students_studentleaverequest_class_teacher_id_76e9e8ab ON public.students_studentleaverequest USING btree (class_teacher_id);


--
-- Name: students_studentleaverequest_student_id_d53b876e; Type: INDEX; Schema: public; Owner: postgres
--

CREATE INDEX students_studentleaverequest_student_id_d53b876e ON public.students_studentleaverequest USING btree (student_id);


--
-- Name: teachers_assignment_class_section_id_19a9ad11; Type: INDEX; Schema: public; Owner: postgres
--

CREATE INDEX teachers_assignment_class_section_id_19a9ad11 ON public.teachers_assignment USING btree (class_section_id);


--
-- Name: teachers_assignment_subject_id_583ca82e; Type: INDEX; Schema: public; Owner: postgres
--

CREATE INDEX teachers_assignment_subject_id_583ca82e ON public.teachers_assignment USING btree (subject_id);


--
-- Name: teachers_assignment_teacher_id_308f86bc; Type: INDEX; Schema: public; Owner: postgres
--

CREATE INDEX teachers_assignment_teacher_id_308f86bc ON public.teachers_assignment USING btree (teacher_id);


--
-- Name: teachers_assignmentsubmission_assignment_id_68c7086c; Type: INDEX; Schema: public; Owner: postgres
--

CREATE INDEX teachers_assignmentsubmission_assignment_id_68c7086c ON public.teachers_assignmentsubmission USING btree (assignment_id);


--
-- Name: teachers_assignmentsubmission_student_id_b681a1a7; Type: INDEX; Schema: public; Owner: postgres
--

CREATE INDEX teachers_assignmentsubmission_student_id_b681a1a7 ON public.teachers_assignmentsubmission USING btree (student_id);


--
-- Name: teachers_attendance_academic_year_id_206f8a78; Type: INDEX; Schema: public; Owner: postgres
--

CREATE INDEX teachers_attendance_academic_year_id_206f8a78 ON public.teachers_attendance USING btree (academic_year_id);


--
-- Name: teachers_attendance_marked_by_id_059cc8f6; Type: INDEX; Schema: public; Owner: postgres
--

CREATE INDEX teachers_attendance_marked_by_id_059cc8f6 ON public.teachers_attendance USING btree (marked_by_id);


--
-- Name: teachers_attendance_section_id_7754f982; Type: INDEX; Schema: public; Owner: postgres
--

CREATE INDEX teachers_attendance_section_id_7754f982 ON public.teachers_attendance USING btree (section_id);


--
-- Name: teachers_attendance_student_id_644cd90c; Type: INDEX; Schema: public; Owner: postgres
--

CREATE INDEX teachers_attendance_student_id_644cd90c ON public.teachers_attendance USING btree (student_id);


--
-- Name: teachers_exam_class_section_id_c41a9840; Type: INDEX; Schema: public; Owner: postgres
--

CREATE INDEX teachers_exam_class_section_id_c41a9840 ON public.teachers_exam USING btree (class_section_id);


--
-- Name: teachers_exam_subject_id_d6345b44; Type: INDEX; Schema: public; Owner: postgres
--

CREATE INDEX teachers_exam_subject_id_d6345b44 ON public.teachers_exam USING btree (subject_id);


--
-- Name: teachers_exam_teacher_id_98ee4abb; Type: INDEX; Schema: public; Owner: postgres
--

CREATE INDEX teachers_exam_teacher_id_98ee4abb ON public.teachers_exam USING btree (teacher_id);


--
-- Name: teachers_mcqchoice_question_id_1728d5cc; Type: INDEX; Schema: public; Owner: postgres
--

CREATE INDEX teachers_mcqchoice_question_id_1728d5cc ON public.teachers_mcqchoice USING btree (question_id);


--
-- Name: teachers_question_exam_id_5b51e831; Type: INDEX; Schema: public; Owner: postgres
--

CREATE INDEX teachers_question_exam_id_5b51e831 ON public.teachers_question USING btree (exam_id);


--
-- Name: teachers_section_academic_year_id_8e0391ea; Type: INDEX; Schema: public; Owner: postgres
--

CREATE INDEX teachers_section_academic_year_id_8e0391ea ON public.teachers_section USING btree (academic_year_id);


--
-- Name: teachers_section_class_teacher_id_b4d010d1; Type: INDEX; Schema: public; Owner: postgres
--

CREATE INDEX teachers_section_class_teacher_id_b4d010d1 ON public.teachers_section USING btree (class_teacher_id);


--
-- Name: teachers_section_school_class_id_0921c8cb; Type: INDEX; Schema: public; Owner: postgres
--

CREATE INDEX teachers_section_school_class_id_0921c8cb ON public.teachers_section USING btree (school_class_id);


--
-- Name: teachers_studentanswer_evaluated_by_id_47cdb2b5; Type: INDEX; Schema: public; Owner: postgres
--

CREATE INDEX teachers_studentanswer_evaluated_by_id_47cdb2b5 ON public.teachers_studentanswer USING btree (evaluated_by_id);


--
-- Name: teachers_studentanswer_question_id_9f13cee5; Type: INDEX; Schema: public; Owner: postgres
--

CREATE INDEX teachers_studentanswer_question_id_9f13cee5 ON public.teachers_studentanswer USING btree (question_id);


--
-- Name: teachers_studentanswer_selected_choice_id_ef04c40f; Type: INDEX; Schema: public; Owner: postgres
--

CREATE INDEX teachers_studentanswer_selected_choice_id_ef04c40f ON public.teachers_studentanswer USING btree (selected_choice_id);


--
-- Name: teachers_studentanswer_student_exam_id_b54bb694; Type: INDEX; Schema: public; Owner: postgres
--

CREATE INDEX teachers_studentanswer_student_exam_id_b54bb694 ON public.teachers_studentanswer USING btree (student_exam_id);


--
-- Name: teachers_studentexam_exam_id_68a8ddc5; Type: INDEX; Schema: public; Owner: postgres
--

CREATE INDEX teachers_studentexam_exam_id_68a8ddc5 ON public.teachers_studentexam USING btree (exam_id);


--
-- Name: teachers_studentexam_student_id_dddef297; Type: INDEX; Schema: public; Owner: postgres
--

CREATE INDEX teachers_studentexam_student_id_dddef297 ON public.teachers_studentexam USING btree (student_id);


--
-- Name: teachers_teacher_classes_schoolclass_id_6f374ac4; Type: INDEX; Schema: public; Owner: postgres
--

CREATE INDEX teachers_teacher_classes_schoolclass_id_6f374ac4 ON public.teachers_teacher_classes USING btree (schoolclass_id);


--
-- Name: teachers_teacher_classes_teacher_id_19723375; Type: INDEX; Schema: public; Owner: postgres
--

CREATE INDEX teachers_teacher_classes_teacher_id_19723375 ON public.teachers_teacher_classes USING btree (teacher_id);


--
-- Name: teachers_teacher_sections_section_id_72e58acc; Type: INDEX; Schema: public; Owner: postgres
--

CREATE INDEX teachers_teacher_sections_section_id_72e58acc ON public.teachers_teacher_sections USING btree (section_id);


--
-- Name: teachers_teacher_sections_teacher_id_1d21ff34; Type: INDEX; Schema: public; Owner: postgres
--

CREATE INDEX teachers_teacher_sections_teacher_id_1d21ff34 ON public.teachers_teacher_sections USING btree (teacher_id);


--
-- Name: teachers_teacher_subject_id_3f3f2319; Type: INDEX; Schema: public; Owner: postgres
--

CREATE INDEX teachers_teacher_subject_id_3f3f2319 ON public.teachers_teacher USING btree (subject_id);


--
-- Name: teachers_teacherdocument_teacher_id_75691ae0; Type: INDEX; Schema: public; Owner: postgres
--

CREATE INDEX teachers_teacherdocument_teacher_id_75691ae0 ON public.teachers_teacherdocument USING btree (teacher_id);


--
-- Name: teachers_teacherleaverequest_teacher_id_a977252a; Type: INDEX; Schema: public; Owner: postgres
--

CREATE INDEX teachers_teacherleaverequest_teacher_id_a977252a ON public.teachers_teacherleaverequest USING btree (teacher_id);


--
-- Name: token_blacklist_outstandingtoken_jti_hex_d9bdf6f7_like; Type: INDEX; Schema: public; Owner: postgres
--

CREATE INDEX token_blacklist_outstandingtoken_jti_hex_d9bdf6f7_like ON public.token_blacklist_outstandingtoken USING btree (jti varchar_pattern_ops);


--
-- Name: token_blacklist_outstandingtoken_user_id_83bc629a; Type: INDEX; Schema: public; Owner: postgres
--

CREATE INDEX token_blacklist_outstandingtoken_user_id_83bc629a ON public.token_blacklist_outstandingtoken USING btree (user_id);


--
-- Name: users_customuser_groups_customuser_id_958147bf; Type: INDEX; Schema: public; Owner: postgres
--

CREATE INDEX users_customuser_groups_customuser_id_958147bf ON public.users_customuser_groups USING btree (customuser_id);


--
-- Name: users_customuser_groups_group_id_01390b14; Type: INDEX; Schema: public; Owner: postgres
--

CREATE INDEX users_customuser_groups_group_id_01390b14 ON public.users_customuser_groups USING btree (group_id);


--
-- Name: users_customuser_phone_number_c8ef076b_like; Type: INDEX; Schema: public; Owner: postgres
--

CREATE INDEX users_customuser_phone_number_c8ef076b_like ON public.users_customuser USING btree (phone_number varchar_pattern_ops);


--
-- Name: users_customuser_user_permissions_customuser_id_5771478b; Type: INDEX; Schema: public; Owner: postgres
--

CREATE INDEX users_customuser_user_permissions_customuser_id_5771478b ON public.users_customuser_user_permissions USING btree (customuser_id);


--
-- Name: users_customuser_user_permissions_permission_id_baaa2f74; Type: INDEX; Schema: public; Owner: postgres
--

CREATE INDEX users_customuser_user_permissions_permission_id_baaa2f74 ON public.users_customuser_user_permissions USING btree (permission_id);


--
-- Name: users_customuser_username_80452fdf_like; Type: INDEX; Schema: public; Owner: postgres
--

CREATE INDEX users_customuser_username_80452fdf_like ON public.users_customuser USING btree (username varchar_pattern_ops);


--
-- Name: auth_group_permissions auth_group_permissio_permission_id_84c5c92e_fk_auth_perm; Type: FK CONSTRAINT; Schema: public; Owner: postgres
--

ALTER TABLE ONLY public.auth_group_permissions
    ADD CONSTRAINT auth_group_permissio_permission_id_84c5c92e_fk_auth_perm FOREIGN KEY (permission_id) REFERENCES public.auth_permission(id) DEFERRABLE INITIALLY DEFERRED;


--
-- Name: auth_group_permissions auth_group_permissions_group_id_b120cbf9_fk_auth_group_id; Type: FK CONSTRAINT; Schema: public; Owner: postgres
--

ALTER TABLE ONLY public.auth_group_permissions
    ADD CONSTRAINT auth_group_permissions_group_id_b120cbf9_fk_auth_group_id FOREIGN KEY (group_id) REFERENCES public.auth_group(id) DEFERRABLE INITIALLY DEFERRED;


--
-- Name: auth_permission auth_permission_content_type_id_2f476e4b_fk_django_co; Type: FK CONSTRAINT; Schema: public; Owner: postgres
--

ALTER TABLE ONLY public.auth_permission
    ADD CONSTRAINT auth_permission_content_type_id_2f476e4b_fk_django_co FOREIGN KEY (content_type_id) REFERENCES public.django_content_type(id) DEFERRABLE INITIALLY DEFERRED;


--
-- Name: chat_userchatmessage chat_teacherstudentc_receiver_id_d944f8f9_fk_users_cus; Type: FK CONSTRAINT; Schema: public; Owner: postgres
--

ALTER TABLE ONLY public.chat_userchatmessage
    ADD CONSTRAINT chat_teacherstudentc_receiver_id_d944f8f9_fk_users_cus FOREIGN KEY (receiver_id) REFERENCES public.users_customuser(id) DEFERRABLE INITIALLY DEFERRED;


--
-- Name: chat_userchatmessage chat_teacherstudentc_sender_id_3625100d_fk_users_cus; Type: FK CONSTRAINT; Schema: public; Owner: postgres
--

ALTER TABLE ONLY public.chat_userchatmessage
    ADD CONSTRAINT chat_teacherstudentc_sender_id_3625100d_fk_users_cus FOREIGN KEY (sender_id) REFERENCES public.users_customuser(id) DEFERRABLE INITIALLY DEFERRED;


--
-- Name: django_admin_log django_admin_log_content_type_id_c4bce8eb_fk_django_co; Type: FK CONSTRAINT; Schema: public; Owner: postgres
--

ALTER TABLE ONLY public.django_admin_log
    ADD CONSTRAINT django_admin_log_content_type_id_c4bce8eb_fk_django_co FOREIGN KEY (content_type_id) REFERENCES public.django_content_type(id) DEFERRABLE INITIALLY DEFERRED;


--
-- Name: django_admin_log django_admin_log_user_id_c564eba6_fk_users_customuser_id; Type: FK CONSTRAINT; Schema: public; Owner: postgres
--

ALTER TABLE ONLY public.django_admin_log
    ADD CONSTRAINT django_admin_log_user_id_c564eba6_fk_users_customuser_id FOREIGN KEY (user_id) REFERENCES public.users_customuser(id) DEFERRABLE INITIALLY DEFERRED;


--
-- Name: parents_feestructure parents_feestructure_academic_year_id_629d7cec_fk_teachers_; Type: FK CONSTRAINT; Schema: public; Owner: postgres
--

ALTER TABLE ONLY public.parents_feestructure
    ADD CONSTRAINT parents_feestructure_academic_year_id_629d7cec_fk_teachers_ FOREIGN KEY (academic_year_id) REFERENCES public.teachers_academicyear(id) DEFERRABLE INITIALLY DEFERRED;


--
-- Name: parents_feestructure parents_feestructure_fee_category_id_ce550425_fk_parents_f; Type: FK CONSTRAINT; Schema: public; Owner: postgres
--

ALTER TABLE ONLY public.parents_feestructure
    ADD CONSTRAINT parents_feestructure_fee_category_id_ce550425_fk_parents_f FOREIGN KEY (fee_category_id) REFERENCES public.parents_feecategory(id) DEFERRABLE INITIALLY DEFERRED;


--
-- Name: parents_feestructure parents_feestructure_section_id_27d23a9d_fk_teachers_section_id; Type: FK CONSTRAINT; Schema: public; Owner: postgres
--

ALTER TABLE ONLY public.parents_feestructure
    ADD CONSTRAINT parents_feestructure_section_id_27d23a9d_fk_teachers_section_id FOREIGN KEY (section_id) REFERENCES public.teachers_section(id) DEFERRABLE INITIALLY DEFERRED;


--
-- Name: parents_parent parents_parent_user_id_77680964_fk_users_customuser_id; Type: FK CONSTRAINT; Schema: public; Owner: postgres
--

ALTER TABLE ONLY public.parents_parent
    ADD CONSTRAINT parents_parent_user_id_77680964_fk_users_customuser_id FOREIGN KEY (user_id) REFERENCES public.users_customuser(id) DEFERRABLE INITIALLY DEFERRED;


--
-- Name: parents_paymenttransaction parents_paymenttrans_student_fee_payment__006a14bb_fk_parents_s; Type: FK CONSTRAINT; Schema: public; Owner: postgres
--

ALTER TABLE ONLY public.parents_paymenttransaction
    ADD CONSTRAINT parents_paymenttrans_student_fee_payment__006a14bb_fk_parents_s FOREIGN KEY (student_fee_payment_id) REFERENCES public.parents_studentfeepayment(id) DEFERRABLE INITIALLY DEFERRED;


--
-- Name: parents_studentfeepayment parents_studentfeepa_fee_structure_id_62655a2d_fk_parents_f; Type: FK CONSTRAINT; Schema: public; Owner: postgres
--

ALTER TABLE ONLY public.parents_studentfeepayment
    ADD CONSTRAINT parents_studentfeepa_fee_structure_id_62655a2d_fk_parents_f FOREIGN KEY (fee_structure_id) REFERENCES public.parents_feestructure(id) DEFERRABLE INITIALLY DEFERRED;


--
-- Name: parents_studentfeepayment parents_studentfeepa_student_id_7540b2af_fk_students_; Type: FK CONSTRAINT; Schema: public; Owner: postgres
--

ALTER TABLE ONLY public.parents_studentfeepayment
    ADD CONSTRAINT parents_studentfeepa_student_id_7540b2af_fk_students_ FOREIGN KEY (student_id) REFERENCES public.students_student(id) DEFERRABLE INITIALLY DEFERRED;


--
-- Name: parents_studentparentrelationship parents_studentparen_parent_id_de92b6ad_fk_parents_p; Type: FK CONSTRAINT; Schema: public; Owner: postgres
--

ALTER TABLE ONLY public.parents_studentparentrelationship
    ADD CONSTRAINT parents_studentparen_parent_id_de92b6ad_fk_parents_p FOREIGN KEY (parent_id) REFERENCES public.parents_parent(id) DEFERRABLE INITIALLY DEFERRED;


--
-- Name: parents_studentparentrelationship parents_studentparen_student_id_c07b7f8c_fk_students_; Type: FK CONSTRAINT; Schema: public; Owner: postgres
--

ALTER TABLE ONLY public.parents_studentparentrelationship
    ADD CONSTRAINT parents_studentparen_student_id_c07b7f8c_fk_students_ FOREIGN KEY (student_id) REFERENCES public.students_student(id) DEFERRABLE INITIALLY DEFERRED;


--
-- Name: students_student students_student_academic_year_id_800140da_fk_teachers_; Type: FK CONSTRAINT; Schema: public; Owner: postgres
--

ALTER TABLE ONLY public.students_student
    ADD CONSTRAINT students_student_academic_year_id_800140da_fk_teachers_ FOREIGN KEY (academic_year_id) REFERENCES public.teachers_academicyear(id) DEFERRABLE INITIALLY DEFERRED;


--
-- Name: students_student students_student_class_assigned_id_ece5de78_fk_teachers_; Type: FK CONSTRAINT; Schema: public; Owner: postgres
--

ALTER TABLE ONLY public.students_student
    ADD CONSTRAINT students_student_class_assigned_id_ece5de78_fk_teachers_ FOREIGN KEY (class_assigned_id) REFERENCES public.teachers_section(id) DEFERRABLE INITIALLY DEFERRED;


--
-- Name: students_student students_student_user_id_56286dbb_fk_users_customuser_id; Type: FK CONSTRAINT; Schema: public; Owner: postgres
--

ALTER TABLE ONLY public.students_student
    ADD CONSTRAINT students_student_user_id_56286dbb_fk_users_customuser_id FOREIGN KEY (user_id) REFERENCES public.users_customuser(id) DEFERRABLE INITIALLY DEFERRED;


--
-- Name: students_studentleaverequest students_studentleav_class_teacher_id_76e9e8ab_fk_teachers_; Type: FK CONSTRAINT; Schema: public; Owner: postgres
--

ALTER TABLE ONLY public.students_studentleaverequest
    ADD CONSTRAINT students_studentleav_class_teacher_id_76e9e8ab_fk_teachers_ FOREIGN KEY (class_teacher_id) REFERENCES public.teachers_teacher(id) DEFERRABLE INITIALLY DEFERRED;


--
-- Name: students_studentleaverequest students_studentleav_student_id_d53b876e_fk_students_; Type: FK CONSTRAINT; Schema: public; Owner: postgres
--

ALTER TABLE ONLY public.students_studentleaverequest
    ADD CONSTRAINT students_studentleav_student_id_d53b876e_fk_students_ FOREIGN KEY (student_id) REFERENCES public.students_student(id) DEFERRABLE INITIALLY DEFERRED;


--
-- Name: teachers_assignment teachers_assignment_class_section_id_19a9ad11_fk_teachers_; Type: FK CONSTRAINT; Schema: public; Owner: postgres
--

ALTER TABLE ONLY public.teachers_assignment
    ADD CONSTRAINT teachers_assignment_class_section_id_19a9ad11_fk_teachers_ FOREIGN KEY (class_section_id) REFERENCES public.teachers_section(id) DEFERRABLE INITIALLY DEFERRED;


--
-- Name: teachers_assignment teachers_assignment_subject_id_583ca82e_fk_teachers_subject_id; Type: FK CONSTRAINT; Schema: public; Owner: postgres
--

ALTER TABLE ONLY public.teachers_assignment
    ADD CONSTRAINT teachers_assignment_subject_id_583ca82e_fk_teachers_subject_id FOREIGN KEY (subject_id) REFERENCES public.teachers_subject(id) DEFERRABLE INITIALLY DEFERRED;


--
-- Name: teachers_assignment teachers_assignment_teacher_id_308f86bc_fk_teachers_teacher_id; Type: FK CONSTRAINT; Schema: public; Owner: postgres
--

ALTER TABLE ONLY public.teachers_assignment
    ADD CONSTRAINT teachers_assignment_teacher_id_308f86bc_fk_teachers_teacher_id FOREIGN KEY (teacher_id) REFERENCES public.teachers_teacher(id) DEFERRABLE INITIALLY DEFERRED;


--
-- Name: teachers_assignmentsubmission teachers_assignments_assignment_id_68c7086c_fk_teachers_; Type: FK CONSTRAINT; Schema: public; Owner: postgres
--

ALTER TABLE ONLY public.teachers_assignmentsubmission
    ADD CONSTRAINT teachers_assignments_assignment_id_68c7086c_fk_teachers_ FOREIGN KEY (assignment_id) REFERENCES public.teachers_assignment(id) DEFERRABLE INITIALLY DEFERRED;


--
-- Name: teachers_assignmentsubmission teachers_assignments_student_id_b681a1a7_fk_students_; Type: FK CONSTRAINT; Schema: public; Owner: postgres
--

ALTER TABLE ONLY public.teachers_assignmentsubmission
    ADD CONSTRAINT teachers_assignments_student_id_b681a1a7_fk_students_ FOREIGN KEY (student_id) REFERENCES public.students_student(id) DEFERRABLE INITIALLY DEFERRED;


--
-- Name: teachers_attendance teachers_attendance_academic_year_id_206f8a78_fk_teachers_; Type: FK CONSTRAINT; Schema: public; Owner: postgres
--

ALTER TABLE ONLY public.teachers_attendance
    ADD CONSTRAINT teachers_attendance_academic_year_id_206f8a78_fk_teachers_ FOREIGN KEY (academic_year_id) REFERENCES public.teachers_academicyear(id) DEFERRABLE INITIALLY DEFERRED;


--
-- Name: teachers_attendance teachers_attendance_marked_by_id_059cc8f6_fk_teachers_; Type: FK CONSTRAINT; Schema: public; Owner: postgres
--

ALTER TABLE ONLY public.teachers_attendance
    ADD CONSTRAINT teachers_attendance_marked_by_id_059cc8f6_fk_teachers_ FOREIGN KEY (marked_by_id) REFERENCES public.teachers_teacher(id) DEFERRABLE INITIALLY DEFERRED;


--
-- Name: teachers_attendance teachers_attendance_section_id_7754f982_fk_teachers_section_id; Type: FK CONSTRAINT; Schema: public; Owner: postgres
--

ALTER TABLE ONLY public.teachers_attendance
    ADD CONSTRAINT teachers_attendance_section_id_7754f982_fk_teachers_section_id FOREIGN KEY (section_id) REFERENCES public.teachers_section(id) DEFERRABLE INITIALLY DEFERRED;


--
-- Name: teachers_attendance teachers_attendance_student_id_644cd90c_fk_students_student_id; Type: FK CONSTRAINT; Schema: public; Owner: postgres
--

ALTER TABLE ONLY public.teachers_attendance
    ADD CONSTRAINT teachers_attendance_student_id_644cd90c_fk_students_student_id FOREIGN KEY (student_id) REFERENCES public.students_student(id) DEFERRABLE INITIALLY DEFERRED;


--
-- Name: teachers_exam teachers_exam_class_section_id_c41a9840_fk_teachers_section_id; Type: FK CONSTRAINT; Schema: public; Owner: postgres
--

ALTER TABLE ONLY public.teachers_exam
    ADD CONSTRAINT teachers_exam_class_section_id_c41a9840_fk_teachers_section_id FOREIGN KEY (class_section_id) REFERENCES public.teachers_section(id) DEFERRABLE INITIALLY DEFERRED;


--
-- Name: teachers_exam teachers_exam_subject_id_d6345b44_fk_teachers_subject_id; Type: FK CONSTRAINT; Schema: public; Owner: postgres
--

ALTER TABLE ONLY public.teachers_exam
    ADD CONSTRAINT teachers_exam_subject_id_d6345b44_fk_teachers_subject_id FOREIGN KEY (subject_id) REFERENCES public.teachers_subject(id) DEFERRABLE INITIALLY DEFERRED;


--
-- Name: teachers_exam teachers_exam_teacher_id_98ee4abb_fk_teachers_teacher_id; Type: FK CONSTRAINT; Schema: public; Owner: postgres
--

ALTER TABLE ONLY public.teachers_exam
    ADD CONSTRAINT teachers_exam_teacher_id_98ee4abb_fk_teachers_teacher_id FOREIGN KEY (teacher_id) REFERENCES public.teachers_teacher(id) DEFERRABLE INITIALLY DEFERRED;


--
-- Name: teachers_mcqchoice teachers_mcqchoice_question_id_1728d5cc_fk_teachers_question_id; Type: FK CONSTRAINT; Schema: public; Owner: postgres
--

ALTER TABLE ONLY public.teachers_mcqchoice
    ADD CONSTRAINT teachers_mcqchoice_question_id_1728d5cc_fk_teachers_question_id FOREIGN KEY (question_id) REFERENCES public.teachers_question(id) DEFERRABLE INITIALLY DEFERRED;


--
-- Name: teachers_question teachers_question_exam_id_5b51e831_fk_teachers_exam_id; Type: FK CONSTRAINT; Schema: public; Owner: postgres
--

ALTER TABLE ONLY public.teachers_question
    ADD CONSTRAINT teachers_question_exam_id_5b51e831_fk_teachers_exam_id FOREIGN KEY (exam_id) REFERENCES public.teachers_exam(id) DEFERRABLE INITIALLY DEFERRED;


--
-- Name: teachers_section teachers_section_academic_year_id_8e0391ea_fk_teachers_; Type: FK CONSTRAINT; Schema: public; Owner: postgres
--

ALTER TABLE ONLY public.teachers_section
    ADD CONSTRAINT teachers_section_academic_year_id_8e0391ea_fk_teachers_ FOREIGN KEY (academic_year_id) REFERENCES public.teachers_academicyear(id) DEFERRABLE INITIALLY DEFERRED;


--
-- Name: teachers_section teachers_section_class_teacher_id_b4d010d1_fk_teachers_; Type: FK CONSTRAINT; Schema: public; Owner: postgres
--

ALTER TABLE ONLY public.teachers_section
    ADD CONSTRAINT teachers_section_class_teacher_id_b4d010d1_fk_teachers_ FOREIGN KEY (class_teacher_id) REFERENCES public.teachers_teacher(id) DEFERRABLE INITIALLY DEFERRED;


--
-- Name: teachers_section teachers_section_school_class_id_0921c8cb_fk_teachers_; Type: FK CONSTRAINT; Schema: public; Owner: postgres
--

ALTER TABLE ONLY public.teachers_section
    ADD CONSTRAINT teachers_section_school_class_id_0921c8cb_fk_teachers_ FOREIGN KEY (school_class_id) REFERENCES public.teachers_schoolclass(id) DEFERRABLE INITIALLY DEFERRED;


--
-- Name: teachers_studentanswer teachers_studentansw_evaluated_by_id_47cdb2b5_fk_teachers_; Type: FK CONSTRAINT; Schema: public; Owner: postgres
--

ALTER TABLE ONLY public.teachers_studentanswer
    ADD CONSTRAINT teachers_studentansw_evaluated_by_id_47cdb2b5_fk_teachers_ FOREIGN KEY (evaluated_by_id) REFERENCES public.teachers_teacher(id) DEFERRABLE INITIALLY DEFERRED;


--
-- Name: teachers_studentanswer teachers_studentansw_question_id_9f13cee5_fk_teachers_; Type: FK CONSTRAINT; Schema: public; Owner: postgres
--

ALTER TABLE ONLY public.teachers_studentanswer
    ADD CONSTRAINT teachers_studentansw_question_id_9f13cee5_fk_teachers_ FOREIGN KEY (question_id) REFERENCES public.teachers_question(id) DEFERRABLE INITIALLY DEFERRED;


--
-- Name: teachers_studentanswer teachers_studentansw_selected_choice_id_ef04c40f_fk_teachers_; Type: FK CONSTRAINT; Schema: public; Owner: postgres
--

ALTER TABLE ONLY public.teachers_studentanswer
    ADD CONSTRAINT teachers_studentansw_selected_choice_id_ef04c40f_fk_teachers_ FOREIGN KEY (selected_choice_id) REFERENCES public.teachers_mcqchoice(id) DEFERRABLE INITIALLY DEFERRED;


--
-- Name: teachers_studentanswer teachers_studentansw_student_exam_id_b54bb694_fk_teachers_; Type: FK CONSTRAINT; Schema: public; Owner: postgres
--

ALTER TABLE ONLY public.teachers_studentanswer
    ADD CONSTRAINT teachers_studentansw_student_exam_id_b54bb694_fk_teachers_ FOREIGN KEY (student_exam_id) REFERENCES public.teachers_studentexam(id) DEFERRABLE INITIALLY DEFERRED;


--
-- Name: teachers_studentexam teachers_studentexam_exam_id_68a8ddc5_fk_teachers_exam_id; Type: FK CONSTRAINT; Schema: public; Owner: postgres
--

ALTER TABLE ONLY public.teachers_studentexam
    ADD CONSTRAINT teachers_studentexam_exam_id_68a8ddc5_fk_teachers_exam_id FOREIGN KEY (exam_id) REFERENCES public.teachers_exam(id) DEFERRABLE INITIALLY DEFERRED;


--
-- Name: teachers_studentexam teachers_studentexam_student_id_dddef297_fk_students_student_id; Type: FK CONSTRAINT; Schema: public; Owner: postgres
--

ALTER TABLE ONLY public.teachers_studentexam
    ADD CONSTRAINT teachers_studentexam_student_id_dddef297_fk_students_student_id FOREIGN KEY (student_id) REFERENCES public.students_student(id) DEFERRABLE INITIALLY DEFERRED;


--
-- Name: teachers_teacher_classes teachers_teacher_cla_schoolclass_id_6f374ac4_fk_teachers_; Type: FK CONSTRAINT; Schema: public; Owner: postgres
--

ALTER TABLE ONLY public.teachers_teacher_classes
    ADD CONSTRAINT teachers_teacher_cla_schoolclass_id_6f374ac4_fk_teachers_ FOREIGN KEY (schoolclass_id) REFERENCES public.teachers_schoolclass(id) DEFERRABLE INITIALLY DEFERRED;


--
-- Name: teachers_teacher_classes teachers_teacher_cla_teacher_id_19723375_fk_teachers_; Type: FK CONSTRAINT; Schema: public; Owner: postgres
--

ALTER TABLE ONLY public.teachers_teacher_classes
    ADD CONSTRAINT teachers_teacher_cla_teacher_id_19723375_fk_teachers_ FOREIGN KEY (teacher_id) REFERENCES public.teachers_teacher(id) DEFERRABLE INITIALLY DEFERRED;


--
-- Name: teachers_teacher_sections teachers_teacher_sec_section_id_72e58acc_fk_teachers_; Type: FK CONSTRAINT; Schema: public; Owner: postgres
--

ALTER TABLE ONLY public.teachers_teacher_sections
    ADD CONSTRAINT teachers_teacher_sec_section_id_72e58acc_fk_teachers_ FOREIGN KEY (section_id) REFERENCES public.teachers_section(id) DEFERRABLE INITIALLY DEFERRED;


--
-- Name: teachers_teacher_sections teachers_teacher_sec_teacher_id_1d21ff34_fk_teachers_; Type: FK CONSTRAINT; Schema: public; Owner: postgres
--

ALTER TABLE ONLY public.teachers_teacher_sections
    ADD CONSTRAINT teachers_teacher_sec_teacher_id_1d21ff34_fk_teachers_ FOREIGN KEY (teacher_id) REFERENCES public.teachers_teacher(id) DEFERRABLE INITIALLY DEFERRED;


--
-- Name: teachers_teacher teachers_teacher_subject_id_3f3f2319_fk_teachers_subject_id; Type: FK CONSTRAINT; Schema: public; Owner: postgres
--

ALTER TABLE ONLY public.teachers_teacher
    ADD CONSTRAINT teachers_teacher_subject_id_3f3f2319_fk_teachers_subject_id FOREIGN KEY (subject_id) REFERENCES public.teachers_subject(id) DEFERRABLE INITIALLY DEFERRED;


--
-- Name: teachers_teacher teachers_teacher_user_id_cdea3fc2_fk_users_customuser_id; Type: FK CONSTRAINT; Schema: public; Owner: postgres
--

ALTER TABLE ONLY public.teachers_teacher
    ADD CONSTRAINT teachers_teacher_user_id_cdea3fc2_fk_users_customuser_id FOREIGN KEY (user_id) REFERENCES public.users_customuser(id) DEFERRABLE INITIALLY DEFERRED;


--
-- Name: teachers_teacherdocument teachers_teacherdocu_teacher_id_75691ae0_fk_teachers_; Type: FK CONSTRAINT; Schema: public; Owner: postgres
--

ALTER TABLE ONLY public.teachers_teacherdocument
    ADD CONSTRAINT teachers_teacherdocu_teacher_id_75691ae0_fk_teachers_ FOREIGN KEY (teacher_id) REFERENCES public.teachers_teacher(id) DEFERRABLE INITIALLY DEFERRED;


--
-- Name: teachers_teacherleaverequest teachers_teacherleav_teacher_id_a977252a_fk_teachers_; Type: FK CONSTRAINT; Schema: public; Owner: postgres
--

ALTER TABLE ONLY public.teachers_teacherleaverequest
    ADD CONSTRAINT teachers_teacherleav_teacher_id_a977252a_fk_teachers_ FOREIGN KEY (teacher_id) REFERENCES public.teachers_teacher(id) DEFERRABLE INITIALLY DEFERRED;


--
-- Name: token_blacklist_blacklistedtoken token_blacklist_blacklistedtoken_token_id_3cc7fe56_fk; Type: FK CONSTRAINT; Schema: public; Owner: postgres
--

ALTER TABLE ONLY public.token_blacklist_blacklistedtoken
    ADD CONSTRAINT token_blacklist_blacklistedtoken_token_id_3cc7fe56_fk FOREIGN KEY (token_id) REFERENCES public.token_blacklist_outstandingtoken(id) DEFERRABLE INITIALLY DEFERRED;


--
-- Name: token_blacklist_outstandingtoken token_blacklist_outs_user_id_83bc629a_fk_users_cus; Type: FK CONSTRAINT; Schema: public; Owner: postgres
--

ALTER TABLE ONLY public.token_blacklist_outstandingtoken
    ADD CONSTRAINT token_blacklist_outs_user_id_83bc629a_fk_users_cus FOREIGN KEY (user_id) REFERENCES public.users_customuser(id) DEFERRABLE INITIALLY DEFERRED;


--
-- Name: users_customuser_groups users_customuser_gro_customuser_id_958147bf_fk_users_cus; Type: FK CONSTRAINT; Schema: public; Owner: postgres
--

ALTER TABLE ONLY public.users_customuser_groups
    ADD CONSTRAINT users_customuser_gro_customuser_id_958147bf_fk_users_cus FOREIGN KEY (customuser_id) REFERENCES public.users_customuser(id) DEFERRABLE INITIALLY DEFERRED;


--
-- Name: users_customuser_groups users_customuser_groups_group_id_01390b14_fk_auth_group_id; Type: FK CONSTRAINT; Schema: public; Owner: postgres
--

ALTER TABLE ONLY public.users_customuser_groups
    ADD CONSTRAINT users_customuser_groups_group_id_01390b14_fk_auth_group_id FOREIGN KEY (group_id) REFERENCES public.auth_group(id) DEFERRABLE INITIALLY DEFERRED;


--
-- Name: users_customuser_user_permissions users_customuser_use_customuser_id_5771478b_fk_users_cus; Type: FK CONSTRAINT; Schema: public; Owner: postgres
--

ALTER TABLE ONLY public.users_customuser_user_permissions
    ADD CONSTRAINT users_customuser_use_customuser_id_5771478b_fk_users_cus FOREIGN KEY (customuser_id) REFERENCES public.users_customuser(id) DEFERRABLE INITIALLY DEFERRED;


--
-- Name: users_customuser_user_permissions users_customuser_use_permission_id_baaa2f74_fk_auth_perm; Type: FK CONSTRAINT; Schema: public; Owner: postgres
--

ALTER TABLE ONLY public.users_customuser_user_permissions
    ADD CONSTRAINT users_customuser_use_permission_id_baaa2f74_fk_auth_perm FOREIGN KEY (permission_id) REFERENCES public.auth_permission(id) DEFERRABLE INITIALLY DEFERRED;


--
-- PostgreSQL database dump complete
--

